id,name,genre,grade_int,rating,ascents_done_count,param_id,crag_name,crag_param_id
294593,Silly Attitude,Sport,900,3.0,5,silly-attitude,Finnsvedsberget,finnsvedsberget
45949,Uncle Ted,Sport,1000,3.0,1,uncle-ted,Noret,noret
235958,I Scottlinjen,Sport,1150,3.0,4,i-scottlinjen,Dyviksudd,dyviksudde
132719,?,Sport,600,3.0,1,132719,Skevik,skevik
313491,Heroes for one day,Sport,1000,3.0,1,heroes-for-one-day,Dyviksudd,dyviksudde
71255,Fantasia,Sport,900,2.6,10,fantasia-71255,Dyviksudd,dyviksudde
49943,Papillon,Sport,1000,2.5714,14,papillon-49943,Örnberget,ornberget
49886,Paradoxal exkursion,Sport,850,2.5,2,paradoxal-exkursion,Ekoberget,ekoberget
29520,Mr Magister,Sport,1000,2.3846,26,mr-magister,Dödskalleberget,dodskalleberget
147112,Skogsorm,Sport,850,2.25,4,skogsorm,Sjötorpsberget,sjotorpsberget
61566,Blinddate,Sport,950,2.2,5,blinddate,Fredriksvik,nyckelviksberget
301419,La onda,Sport,850,2.1667,6,la-onda-301419,Dyviksudd,dyviksudde
41924,Puls,Sport,950,2.1304,23,puls,Skevik,skevik
21187,Holidays in Eden,Sport,950,2.125,25,holidays-in-eden,Dödskalleberget,dodskalleberget
209792,Gigadans,Sport,900,2.0,3,gigadans,Skevik,skevik
29418,Flip flop,Sport,650,2.0,1,flip-flop-29418,Nacka Kvarn,nacka-kvarn
46008,Full fart mot döden,Sport,900,2.0,2,full-fart-mot-doden,Träskberget,traskberget-stockholm
45940,999 luftballonger,Sport,950,2.0,1,999-luftballonger,Noret,noret
77227,Let there be rock,Sport,900,2.0,1,let-there-be-rock-77227,Skevik,skevik
200971,Vilse,Sport,850,2.0,1,vilse-200971,Örnberget,ornberget
82114,En månad av frihet,Sport,900,2.0,4,en-manad-av-frihet,Törnskogsklippan,tornskogsklippan
38544,Mio,Sport,850,2.0,66,mio-38544,Dödskalleberget,dodskalleberget
79889,Släktmiddagsångest,Sport,650,2.0,2,slaktmiddagangest,Dödskalleberget,dodskalleberget
49956,Rundgång,Sport,800,2.0,6,rundgang,Örnberget,ornberget
26251,Snatch,Sport,1000,2.0,1,snatch-26251,Finnsvedsberget,finnsvedsberget
210840,Kalles kaviar,Sport,1100,2.0,1,kalles-kaviar-210840,Örnberget,ornberget
268502,Modest och Blasé (aka 08b),Sport,1050,2.0,2,modest-och-blase-aka-08b,Flaten,flaten
258777,Steve McQueen,Sport,1000,2.0,2,steve-mcqueen-258777,Örnberget,ornberget
317529,Räven,Sport,800,2.0,1,raven-317529,Dyviksudd,dyviksudde
314164,La Verdonesque,Sport,700,2.0,2,la-verdonesque,Dyviksudd,dyviksudde
43184,Kvinnofällan,Sport,900,2.0,1,kvinnofallan,Finnsvedsberget,finnsvedsberget
49912,Matrix,Sport,950,2.0,1,matrix-49912,Finnsvedsberget,finnsvedsberget
306371,Fredsmäklaren (with aid-start),Sport,850,2.0,1,fredsmaklaren-med-aid-start,Dyviksudd,dyviksudde
269538,Kungsleden,Sport,1150,2.0,1,kungsleden-269538,Dyviksudd,dyviksudde
283881,Trippad direkt,Sport,750,2.0,4,trippad-direkt,Älvnäs,alvnas
169175,Human Torch,Sport,950,2.0,14,human-torch,Dyviksudd,dyviksudde
209514,Små rosa klubbor,Sport,1150,2.0,1,sma-rosa-klubbor,Flaten,flaten
149014,Bök och stök,Sport,900,2.0,1,bok-och-stok-uddeuddberget,Uddeuddberget,uddeuddberget
57083,Iskallt,Sport,900,2.0,1,iskallt,Flaten,flaten
27391,El Gringo,Sport,900,2.0,1,el-gringo-27391,Kyrkviksklippan,kyrkviksklippan
97573,Kryssa,Sport,900,2.0,1,kryssa,Sjötorpsberget,sjotorpsberget
259992,Warm up,Sport,600,2.0,2,warm-up-259992,Brakmaren,brakmaren
21170,Kosmos kid,Sport,950,1.96,25,kosmos-kid,Dyviksudd,dyviksudde
27565,Tintin,Sport,950,1.9375,16,tintin,Finnsvedsberget,finnsvedsberget
254987,Jazzman,Sport,650,1.875,8,jazzman,Uddeuddberget,uddeuddberget
114401,Hälsa hem,Sport,850,1.8,5,halsa-hem,Finnsvedsberget,finnsvedsberget
41919,I have a dream,Sport,1000,1.8,15,i-have-a-dream,Sjötorpsberget,sjotorpsberget
38558,Mr Walker (short version),Sport,900,1.7813,33,mr-walker,Dödskalleberget,dodskalleberget
39224,Siddharta,Sport,900,1.75,76,siddharta-39224,Örnberget,ornberget
29517,Largo,Sport,1000,1.75,4,largo,Träskberget,traskberget-stockholm
214342,Old school,Sport,800,1.75,4,214342,Uddeuddberget,uddeuddberget
22702,Anomalocaris,Sport,700,1.7222,54,anomalocaris,Ekoberget,ekoberget
214260,Festen har börjat,Sport,900,1.7143,7,214260,Dyviksudd,dyviksudde
214341,Jazzman direkt,Sport,650,1.6667,3,214341,Uddeuddberget,uddeuddberget
216837,Asko,Sport,850,1.6667,3,asko,Finnsvedsberget,finnsvedsberget
149696,Renässans,Sport,650,1.6078,51,renassans,Dyviksudd,dyviksudde
45982,Sahara,Sport,1000,1.6,5,sahara-45982,Saharaväggen,saharavaggen
300314,Ursprunget,Sport,650,1.6,50,ursprunget-300314,Henriksdal,henriksdalsklippan
29833,Frisco Kid,Sport,1000,1.5556,18,frisco-kid,Örnberget,ornberget
44253,Cowboys on Acid,Sport,900,1.5455,11,cowboys-on-acid,Örnberget,ornberget
41939,Salt Sill,Sport,900,1.5294,17,salt-sill,Finnsvedsberget,finnsvedsberget
38547,Diana,Sport,600,1.5286,70,diana,Dödskalleberget,dodskalleberget
93579,Skevik anal (linkup),Sport,900,1.5,2,skevik-anal,Skevik,skevik
316580,Helvites Dynamo,Sport,650,1.5,2,helvites-dynamo,Träskberget,traskberget-stockholm
126958,Drakkar höger,Sport,650,1.5,2,drakkar-hoger,Henriksdal,henriksdalsklippan
27455,Zorro,Sport,1000,1.5,8,zorro-27455,Dyviksudd,dyviksudde
300288,Dior,Sport,800,1.5,2,doir,Henriksdal,henriksdalsklippan
51362,Stortorsk,Sport,950,1.5,2,stortorsk,Finnsvedsberget,finnsvedsberget
57112,Highway from hell,Sport,900,1.5,2,highway-from-hell,Flaten,flaten
214068,Waves,Sport,650,1.5,14,waves-214068,Dyviksudd,dyviksudde
75876,Dödsskiftet,Sport,900,1.5,4,dodsskiftet,Örnberget,ornberget
44241,Stairway to heaven,Sport,1050,1.5,6,stairway-to-heaven-44241,Örnberget,ornberget
38553,Dragos,Sport,900,1.4737,19,dragos,Dödskalleberget,dodskalleberget
158315,Grodan Boll original,Sport,750,1.4286,14,grodan-boll-variant,Örnberget,ornberget
57621,Le Chiffre,Sport,1000,1.4167,12,le-chiffre,Träskberget,traskberget-stockholm
38557,Diana direkt,Sport,800,1.4,10,diana-direkt,Dödskalleberget,dodskalleberget
38556,Devil,Sport,850,1.4,5,devil,Dödskalleberget,dodskalleberget
49938,Panta Rei direkt,Sport,700,1.3981,108,panta-rei-direkt,Örnberget,ornberget
39242,Snövitt,Sport,700,1.3929,28,snovitt,Älvnäs,alvnas
41160,I'll be back,Sport,1000,1.3889,18,i-ll-be-back,Örnberget,ornberget
38559,Fantomen,Sport,900,1.3889,19,fantomen-38559,Dödskalleberget,dodskalleberget
57084,Rammstein,Sport,900,1.375,8,rammstein,Flaten,flaten
98821,Super Freaky,Sport,800,1.375,8,super-freaky,Nacka Kvarn,nacka-kvarn
41937,Älska mig,Sport,850,1.3721,43,alska-mig,Örnberget,ornberget
45980,Result redan i dag,Sport,750,1.3636,11,result-redan-i-dag,Saharaväggen,saharavaggen
49891,Breña,Sport,850,1.3571,14,brena,Ekoberget,ekoberget
35187,Himmler,Sport,700,1.3418,79,himmler,Gåseborg,gaseborg
49958,Namo,Sport,850,1.3333,3,namo,Örnberget,ornberget
45828,Hero,Sport,950,1.3333,3,hero,Dödskalleberget,dodskalleberget
74684,På vårkanten,Sport,800,1.3333,12,pa-varkanten,Sjötorpsberget,sjotorpsberget
65727,Chippad av staten,Sport,750,1.3333,27,chippad-av-staten,Törnskogsklippan,tornskogsklippan
49896,Mantra,Sport,800,1.3333,3,mantra-49896,Ekoberget,ekoberget
29518,Dödligt Möte,Sport,1000,1.3333,21,dodligt-mote-29518,Örnberget,ornberget
191998,Rakt upp i det blå,Sport,900,1.3333,3,rakt-upp-i-det-bla,Örnberget,ornberget
148112,Utan pardon,Sport,800,1.3333,12,utan-pardon,Dyviksudd,dyviksudde
289811,Arêten,Sport,900,1.3333,3,th-om-agaton-sax,Flaten,flaten
297658,"Uti det fria, sportvariant",Sport,850,1.3333,3,uti-det-fria-sportvariant,Dyviksudd,dyviksudde
49926,Svarta änkan,Sport,950,1.3333,6,svarta-ankan,Örnberget,ornberget
222901,Modesty Blaise,Sport,1050,1.3333,3,modesty-blaise-222901,Flaten,flaten
12160,Tabu,Sport,800,1.3163,100,tabu,Skevik,skevik
41921,Sumitomo,Sport,950,1.3158,19,sumitomo,Flaten,flaten
29521,Tintin Direkt,Sport,950,1.3158,19,tintin-direkt,Finnsvedsberget,finnsvedsberget
149699,Tyresö Express,Sport,650,1.3056,36,tyreso-express,Dyviksudd,dyviksudde
39220,Kojak,Sport,950,1.2963,27,kojak,Flaten,flaten
43197,Freaky Deaky direkt ,Sport,800,1.2881,59,freaky-deaky-direkt,Nacka Kvarn,nacka-kvarn
39597,Reptilen,Sport,950,1.2857,7,reptilen,Dyviksudd,dyviksudde
27566,Kattöga,Sport,850,1.2857,14,kattoga,Finnsvedsberget,finnsvedsberget
71304,Don't be dead,Sport,850,1.2692,26,don-t-be-dead,Örnberget,ornberget
21173,Rakt på sak,Sport,850,1.2676,71,rakt-pa-sak,Örnberget,ornberget
28696,Megadans,Sport,900,1.2603,73,megadans,Skevik,skevik
292612,Fläsket brinner,Sport,550,1.25,8,flasket-brinner,Träskberget,traskberget-stockholm
300306,Drakkar,Sport,750,1.25,4,drakkar-300306,Henriksdal,henriksdalsklippan
57079,Mickes 30-årsfest,Sport,1050,1.25,8,mickes-30-ars-fest,Flaten,flaten
45981,Sträckolin,Sport,900,1.25,12,strackolin,Saharaväggen,saharavaggen
43011,Presstopp,Sport,600,1.25,4,presstopp,Dyviksudd,dyviksudde
26876,Drive in,Sport,550,1.25,8,drive-in,Anneberg,anneberg
42278,Finnkampen,Sport,800,1.25,4,finnkampen,Finnsvedsberget,finnsvedsberget
42277,Hookabam,Sport,800,1.2353,17,hookabam,Saharaväggen,saharavaggen
42308,Curry corner,Sport,700,1.2308,13,curry-corner,Saharaväggen,saharavaggen
41922,Hallucogenia,Sport,950,1.2143,14,hallucogenia,Ekoberget,ekoberget
300295,Armani höger,Sport,750,1.2,5,armani-hoger-300295,Henriksdal,henriksdalsklippan
57088,Okändis 2,Sport,400,1.1828,93,okandis-2,Flaten,flaten
37200,Silicon valley,Sport,600,1.1818,55,silicon-valley,Skevik,skevik
22703,Eldonia,Sport,850,1.1786,28,eldonia,Ekoberget,ekoberget
65460,Good girls,Sport,1000,1.1765,17,good-girls,Örnberget,ornberget
21219,Luftslottet direkt,Sport,650,1.1709,158,luftslottet-direkt,Skevik,skevik
39769,Captain Cook,Sport,750,1.1667,6,captain-cook,Dyviksudd,dyviksudde
39231,Utan Smör,Sport,800,1.1548,85,utan-smor,Örnberget,ornberget
12155,Orup,Sport,800,1.1449,138,orup,Örnberget,ornberget
183969,Megafakulteten,Sport,900,1.1429,7,megafakulteten,Skevik,skevik
26866,Ge kärleken en chans,Sport,950,1.1364,22,ge-karleken-en-chans,Anneberg,anneberg
21931,Non Stop,Sport,800,1.1341,83,non-stop-21931,Skevik,skevik
77305,Casall,Sport,800,1.12,25,casall,Sjötorpsberget,sjotorpsberget
51203,Fobi,Sport,800,1.1111,9,fobi,Skevik,skevik
289216,Evolution,Sport,550,1.1,10,evolution-sport-route-2019,Ekoberget,ekoberget
42290,Tirpitz,Sport,750,1.1,20,tirpitz,Gåseborg,gaseborg
43211,Vox Populi,Sport,750,1.0833,12,vox-populi,Träskberget,traskberget-stockholm
245424,On Stage,Sport,400,1.0833,12,on-stage,Kanalklippan,kanalklippan
45978,Speedball,Sport,650,1.0769,13,speedball,Saharaväggen,saharavaggen
41929,Agent Luhr ser rött,Sport,900,1.0769,13,agent-luhr-ser,Noret,noret
45927,Hem ljuva hem,Sport,800,1.0769,13,hem-ljuva-hem,Noret,noret
205781,Limbo,Sport,700,1.0769,13,stangt-projekt-205781,Flaten,flaten
39221,Burn,Sport,900,1.0769,39,burn,Örnberget,ornberget
12162,Icones,Sport,650,1.0606,132,icones,Skevik,skevik
42330,Titta vi flyger,Sport,700,1.0581,86,titta-vi-flyger,Flaten,flaten
74294,Kalaspuffen,Sport,650,1.0526,19,kalaspuffen,Sjötorpsberget,sjotorpsberget
39223,Utan tvekan,Sport,900,1.0476,42,utan-tvekan,Örnberget,ornberget
96485,Mr Wint,Sport,900,1.04,25,mr-wint-96485,Träskberget,traskberget-stockholm
38552,Asers Arête,Sport,600,1.0294,68,asers-arete,Dödskalleberget,dodskalleberget
41969,Nattskiftet,Sport,800,1.025,40,nattskiftet,Örnberget,ornberget
171485,Kom igen,Sport,850,1.0,5,kom-igen-171485,Skevik,skevik
57081,Balla brallan,Sport,750,1.0,2,balla-brallan,Flaten,flaten
146536,Naturliga kurvor,Sport,850,1.0,1,stangt-projekt-146536,Flaten,flaten
218674,Linkup. Much freakier,Sport,850,1.0,2,much-freakier,Nacka Kvarn,nacka-kvarn
57114,Hells Angels,Sport,900,1.0,2,hells-angels,Flaten,flaten
57077,Clouseau,Sport,1100,1.0,10,closeau,Flaten,flaten
158026,Trampet av små fötter,Sport,200,1.0,2,trampet-av-sma-fotter,Örnberget,ornberget
42257,Häng loss,Sport,850,1.0,2,hang-loss,Sjötorpsberget,sjotorpsberget
247110,Lysande toppar,Sport,800,1.0,1,lysande-toppar,Örnberget,ornberget
77306,Rövsvett,Sport,600,1.0,7,rovsvett,Sjötorpsberget,sjotorpsberget
242986,Pant 2 kr,Sport,700,1.0,5,pant-2-kr,Örnberget,ornberget
77308,Analterror,Sport,850,1.0,1,analterror-77308,Sjötorpsberget,sjotorpsberget
216075,Drömmar om en bultmatris,Sport,900,1.0,1,drommen-om-bultmatrisen,Örnberget,ornberget
173643,Järnladyn,Sport,850,1.0,2,jarnladyn,Flaten,flaten
42657,Ålen,Sport,700,1.0,8,alen,Finnsvedsberget,finnsvedsberget
185575,Titta Pirelli,Sport,700,1.0,1,titta-pirelli,Flaten,flaten
302406,Man in the Moon,Sport,500,1.0,1,man-in-the-moon,Örnberget,ornberget
44226,Bender,Sport,800,1.0,4,bender,Älvnäs,alvnas
126943,Ångbåtsblues,Sport,850,1.0,1,angbatsblues,Münchenbryggeriet,munchenbryggeriet
301426,Upp till kamp,Sport,950,1.0,3,upp-till-kamp-301426,Örnberget,ornberget
191996,Raka rör höger,Sport,700,1.0,9,raka-ror-hoger,Örnberget,ornberget
28690,Atlantis,Sport,750,1.0,55,atlantis-28690,Skevik,skevik
215401,Omöjligheten,Sport,950,1.0,1,omojligheten,Örnberget,ornberget
44251,Kattresan ,Sport,900,1.0,14,kattresan,Skevik,skevik
29407,Linkup. Freaky - Blind,Sport,850,1.0,1,odpot,Nacka Kvarn,nacka-kvarn
309338,Guerilla gardener,Sport,500,1.0,2,guerilla-gardener,Finnsvedsberget,finnsvedsberget
19813,Ormbunken,Sport,550,1.0,8,ormbunken,Finnsvedsberget,finnsvedsberget
149343,"Vrålfinger, direktinsteg",Sport,750,1.0,16,vralfinger-direktinsteg,Skevik,skevik
160392,Resa till natten ände,Sport,750,1.0,2,new-route-160392,Skevik,skevik
49921,Draget,Sport,850,1.0,2,draget-49921,Finnsvedsberget,finnsvedsberget
278637,Snåljåpen,Sport,700,1.0,5,stangt-projekt-278637,Saharaväggen,saharavaggen
62956,?,Sport,750,1.0,2,platniklas-62956,Örnberget,ornberget
45929,Upp till bevis,Sport,900,1.0,2,upp-till-bevis,Noret,noret
108234,Vårkåt vänsterutsteg,Sport,600,1.0,11,varkat-vansterutsteg,Ekoberget,ekoberget
303512,Nattugglan second pitch,Sport,400,1.0,1,nattugglan-second-pitch,Ekoberget,ekoberget
46215,Stormvarning,Sport,600,1.0,5,stormvarning,Kanalklippan,kanalklippan
49953,Loppbiten,Sport,750,1.0,3,loppbiten,Örnberget,ornberget
313492,Italo disco,Sport,650,1.0,3,italo-disco,Dyviksudd,dyviksudde
39195,Mickes Led,Sport,950,1.0,7,mickes-led,Träskberget,traskberget-stockholm
45917,Polisen,Sport,650,1.0,1,polisen,Noret,noret
320625,Critical Metals,Sport,900,1.0,1,critical-metals,Dyviksudd,dyviksudde
316581,Sista natten med Sodom höger,Sport,850,1.0,1,sista-natten-med-sodom-hoger,Träskberget,traskberget-stockholm
290055,Mitt gym,Sport,800,1.0,1,mitt-gym,Träskberget,traskberget-stockholm
165490,"Kaksi, Variant",Sport,700,1.0,1,kaksi-variant,Noret,noret
99989,Splasch,Sport,380,1.0,3,splasch,Häggsta,haggsta
300310,Ursprunget vänster,Sport,700,1.0,12,ursprunget-left,Henriksdal,henriksdalsklippan
96481,Stenhårde Kalle,Sport,900,1.0,2,stenharde-kalle,Träskberget,traskberget-stockholm
300421,Equiboss,Sport,750,1.0,2,equiboss-300421,Henriksdal,henriksdalsklippan
58259,Oldfinger,Sport,1050,1.0,5,oldfinger,Träskberget,traskberget-stockholm
64508,Sgt Pepper,Sport,650,1.0,1,sgt-pepper,"Ekholmsnäs, Stockholm",ekholmsnas-stockholm
64510,Den som tar han har,Sport,500,1.0,1,den-som-tar-han-har,"Ekholmsnäs, Stockholm",ekholmsnas-stockholm
46013,Sista båten från Singapore,Sport,900,1.0,1,sista-baten-fran-singapore,Träskberget,traskberget-stockholm
246876,Abnorm erektion,Sport,500,1.0,1,abnorm-erektion,"Ekholmsnäs, Stockholm",ekholmsnas-stockholm
246909,Ribban,Sport,800,1.0,1,ribban,"Ekholmsnäs, Stockholm",ekholmsnas-stockholm
246911,Förlängd abnorm erektion,Sport,650,1.0,1,forlangd-abnorm-erektion,"Ekholmsnäs, Stockholm",ekholmsnas-stockholm
49905,Fruktans fötter,Sport,700,1.0,3,fruktans-fotter,Ekoberget,ekoberget
314160,Monsieur Ballayr,Sport,700,1.0,1,monsieur-ballayr,Dyviksudd,dyviksudde
246557,Nu kan man räkna till tio på eutruskiska,Sport,600,1.0,1,nu-kan-man-rakna-till-tio-pa-eutruskiska,Häggsta,haggsta
73127,Burn in Hell,Sport,950,1.0,5,burn-in-hell,Örnberget,ornberget
128370,Ekstubbe airlines,Sport,500,1.0,1,ekstubbe-airlines,Ekstubbeberget,ekstubbeberget
26864,Pilgrim,Sport,1050,1.0,2,pilgrim,Anneberg,anneberg
29438,Den maskerade smiskaren,Sport,600,1.0,6,den-maskerade-smiskaren,Beatelund,beatelund
42047,Timbuktu,Sport,400,1.0,2,timbuktu,Noret,noret
68113,Piggsvinet,Sport,400,1.0,1,piggsvinet-68113,Beatelund,beatelund
51390,Rimliga ramar,Sport,750,1.0,1,rimliga-ramar,Brakmaren,brakmaren
27384,Oz,Sport,950,1.0,1,oz,Kyrkviksklippan,kyrkviksklippan
214355,Spinn vidare,Sport,600,1.0,1,214355,Uddeuddberget,uddeuddberget
214352,Tänt vare här,Sport,800,1.0,2,214352,Uddeuddberget,uddeuddberget
73129,Frisco Kid direkt,Sport,1000,1.0,2,frisco-kid-direkt,Örnberget,ornberget
65732,Fingers off the Foxy Lady!,Sport,750,1.0,4,fingers-off-the-foxy-lady,Törnskogsklippan,tornskogsklippan
149297,Not for anyone,Sport,850,1.0,1,not-for-anyone,Uddeuddberget,uddeuddberget
65440,I'll Be Back Light,Sport,1000,1.0,4,i-ll-be-back-light,Örnberget,ornberget
12154,Panta Rei,Sport,700,0.9899,100,panta-rei,Örnberget,ornberget
132289,Andreas 42 vet hur det känns,Sport,600,0.9785,93,andreas-42-vet-hur-det-kanns,Flaten,flaten
19697,Soldans,Sport,650,0.9714,35,soldans,Anneberg,anneberg
12454,Sator,Sport,1000,0.9574,47,sator,Örnberget,ornberget
39250,Kalles kaviar,Sport,600,0.9545,22,kalles-kaviar,Älvnäs,alvnas
49944,Tipp topp,Sport,850,0.9524,21,tipp-topp-49944,Örnberget,ornberget
300457,Date,Sport,600,0.95,20,date-300457,Henriksdal,henriksdalsklippan
67406,Swastika,Sport,700,0.95,20,swastika,Gåseborg,gaseborg
19693,Ignition,Sport,650,0.9495,100,ignition,Nacka Kvarn,nacka-kvarn
39218,Bad Boys,Sport,950,0.9487,39,bad-boys,Örnberget,ornberget
191985,Raka rör vänster,Sport,650,0.9444,36,raka-ror-vanster,Örnberget,ornberget
13597,Kojaks klubba,Sport,1000,0.9444,18,kojaks-klubba,Flaten,flaten
45818,Skriet från vildmarken,Sport,850,0.9412,17,skriet-fran-vildmarken-45818,Dödskalleberget,dodskalleberget
15821,Pumpmaskin,Sport,750,0.9355,125,pumpmaskin,Skevik,skevik
52028,Nescafe,Sport,650,0.9194,62,nescafe,Sjötorpsberget,sjotorpsberget
212021,Ryggskottlinjen,Sport,500,0.9129999999999999,23,ryggscottlinjen,Dyviksudd,dyviksudde
57066,Järnmannen,Sport,700,0.9048,42,jarnmannen,Flaten,flaten
300423,Fahrenheit,Sport,800,0.9,10,fahrenheit-300423,Henriksdal,henriksdalsklippan
45826,Guran,Sport,700,0.9,20,guran,Dödskalleberget,dodskalleberget
29422,Diggilo,Sport,750,0.9,10,ganska-kul,Nacka Kvarn,nacka-kvarn
43166,Vilddjuret,Sport,1000,0.9,10,vilddjuret,Skevik,skevik
38551,Tio tigrar,Sport,900,0.9,10,tio-tigrar,Dödskalleberget,dodskalleberget
58420,Arrêtera,Sport,600,0.8889,9,arretera,Skevik,skevik
41942,Gobiten,Sport,850,0.8889,9,gobiten,Örnberget,ornberget
19739,Konsum,Sport,600,0.8788,66,konsum,Skevik,skevik
41375,Yohoia,Sport,650,0.875,24,yohoia,Ekoberget,ekoberget
26527,Hugo,Sport,650,0.8713,102,hugo-26527,Örnberget,ornberget
25218,Freaky deaky,Sport,800,0.8679,53,freaky-deaky,Nacka Kvarn,nacka-kvarn
18784,Nubben i snöret,Sport,650,0.8667,15,nubben-i-snoret,Örnberget,ornberget
44252,Ingen Vinner,Sport,900,0.8667,15,ingen-vinner,Skevik,skevik
49934,Don't be late direkt,Sport,800,0.8571,7,don-t-be-late-direkt,Örnberget,ornberget
133627,Dörren,Sport,900,0.8571,7,ny-led-133627,Flaten,flaten
18795,Kapten Haddock,Sport,700,0.8493,74,kapten-haddock,Finnsvedsberget,finnsvedsberget
28570,Vårkåt,Sport,600,0.8472,73,varkat,Ekoberget,ekoberget
93605,Stuka,Sport,750,0.8462,13,stuka,Gåseborg,gaseborg
95452,Inga fler kratrar,Sport,650,0.8462,13,inga-fler-kratrar,Gåseborg,gaseborg
97321,McCall,Sport,850,0.8333,18,mccall,Flaten,flaten
97319,Pusselipuss,Sport,900,0.8333,6,pusselipuss,Träskberget,traskberget-stockholm
43180,Edge leden,Sport,900,0.8333,6,edge-leden,Älvnäs,alvnas
49936,Långa ärmar,Sport,600,0.8333,12,langa-armar,Örnberget,ornberget
63262,Tambora,Sport,850,0.8333,6,tambora,Törnskogsklippan,tornskogsklippan
47263,Prima Ballerina,Sport,650,0.8261,23,prima-ballerina,Ekoberget,ekoberget
39232,Fasta former,Sport,800,0.8235,34,fasta-former,Finnsvedsberget,finnsvedsberget
57070,Slick,Sport,900,0.8182,11,slick,Flaten,flaten
42655,Ahlgrens,Sport,750,0.8182,11,ahlgrens,Ekstubbeberget,ekstubbeberget
18779,Kalaspuffen direkt,Sport,750,0.8182,44,kalaspuffen-direkt,Sjötorpsberget,sjotorpsberget
56734,Snabbare än tiden,Sport,650,0.8182,11,snabbare-an-tiden,Skevik,skevik
65758,Finska flickan,Sport,600,0.8125,16,finska-flickan,Sjötorpsberget,sjotorpsberget
57068,Blå vägen,Sport,800,0.8,5,bla-vagen,Flaten,flaten
57072,Longstreet,Sport,950,0.8,5,longstreet,Flaten,flaten
300424,Lacoste,Sport,700,0.8,5,lacoste-300424,Henriksdal,henriksdalsklippan
214353,Flaskdans,Sport,650,0.8,5,214353,Uddeuddberget,uddeuddberget
41983,Pikaia,Sport,800,0.8,5,pikaia,Ekoberget,ekoberget
45926,Livet är underbart,Sport,900,0.8,5,livet-ar-underbart,Noret,noret
41385,Dans på kant,Sport,600,0.7917,24,ringrost-dans-pa-kant,Ekstubbeberget,ekstubbeberget
300445,Adidas,Sport,600,0.7895,19,adidas-300445,Henriksdal,henriksdalsklippan
19694,Totalvägra,Sport,700,0.7879,134,total-vagra,Nacka Kvarn,nacka-kvarn
19710,Spitfire,Sport,700,0.7831,83,spitfire-19710,Gåseborg,gaseborg
191071,Upp igen,Sport,650,0.7778,9,ny-led-191071,Flaten,flaten
57093,Natten,Sport,650,0.7778,36,natten-57093,Flaten,flaten
42319,Sno från dom rika direkt,Sport,750,0.7778,9,sno-fran-dom-rika-direkt,Träskberget,traskberget-stockholm
45823,Inget för pygméer,Sport,750,0.7778,9,inget-for-pygmeer,Dödskalleberget,dodskalleberget
42248,Vad kvinnor inte vill ha,Sport,900,0.7692,13,vad-kvinnor-inte-vill-ha,Noret,noret
57065,Premiär,Sport,800,0.7647,34,premiar-57065,Flaten,flaten
65145,Ghetto rebel,Sport,600,0.7647,51,ghetto-rebel,Sjötorpsberget,sjotorpsberget
49950,"Blötkaken, variant på",Sport,550,0.7619,42,blotkaken-variant-pa,Örnberget,ornberget
49945,Lysande utsikter,Sport,750,0.76,25,lysande-utsikter,Örnberget,ornberget
98042,På tunga grisfötter,Sport,600,0.75,4,pa-tunga-grisfotter,Träskberget,traskberget-stockholm
64512,Sjöexpress,Sport,500,0.75,4,sjoexpress,"Ekholmsnäs, Stockholm",ekholmsnas-stockholm
26865,No fuel for the pilgrims,Sport,1050,0.75,8,no-fuel-for-the-pilgrims,Anneberg,anneberg
29439,Mosarmasse,Sport,600,0.75,4,mosarmasse,Beatelund,beatelund
74680,Rock all over,Sport,550,0.75,8,rock-all-over,Sjötorpsberget,sjotorpsberget
96480,Maskinen,Sport,700,0.75,4,maskinen,Träskberget,traskberget-stockholm
289631,Somos potitos,Sport,400,0.75,4,somos-potitos,Träskberget,traskberget-stockholm
49897,Wiwaxia,Sport,650,0.75,8,wiwaxia,Ekoberget,ekoberget
41973,Exposed,Sport,750,0.75,4,exposed,Älvnäs,alvnas
70745,Snoopy's crack,Sport,750,0.75,4,snoopy-s-crack,Häggsta,haggsta
207314,Variant,Sport,800,0.75,8,variant-207314,Flaten,flaten
41110,Möjlig omöjlighet,Sport,750,0.75,4,mojlig-omojlighet,Örnberget,ornberget
43878,Vinleden,Sport,450,0.75,4,vinleden,Häggsta,haggsta
181979,"Bellman, höger variant",Sport,750,0.75,4,bellman-hoger-variant,Flaten,flaten
311137,Livets pussel,Sport,600,0.75,8,livets-pussel,Dyviksudd,dyviksudde
39239,Baggen,Sport,750,0.7436,40,baggen-39239,Finnsvedsberget,finnsvedsberget
64682,Det vilda i min bur,Sport,400,0.7368,19,det-vilda-i-min-bur,Häggsta,haggsta
71804,Fördomsfri,Sport,650,0.7333,15,fordomsfri,Gåseborg,gaseborg
93585,En Sak Att Göra,Sport,850,0.7333,15,en-sak-att-gora,Träskberget,traskberget-stockholm
133679,Ha en fin flygtur,Sport,700,0.7273,11,ha-en-fin-flygtur,Gåseborg,gaseborg
157066,Ransom light,Sport,650,0.7273,11,ransom-light,Sjötorpsberget,sjotorpsberget
19803,Snoken,Sport,500,0.7222,90,snoken,Noret,noret
42425,Rommel,Sport,750,0.7143,14,rommel,Gåseborg,gaseborg
57098,Darling fascist bullyboy,Sport,650,0.7143,7,darling-fascist-bullyboy,Flaten,flaten
95864,Ronin,Sport,550,0.7143,14,ronin-95864,Ekoberget,ekoberget
77307,Ransom,Sport,700,0.7143,14,ransom,Sjötorpsberget,sjotorpsberget
56732,Vrålfinger,Sport,700,0.7143,7,vralfinger,Skevik,skevik
57113,Hell,Sport,800,0.7143,7,hell-57113,Flaten,flaten
39236,Bellman,Sport,750,0.7097,31,bellman,Flaten,flaten
245124,30 är det nya 40,Sport,500,0.7059,17,30-ar-det-nya-40,Träskberget,traskberget-stockholm
44238,Runda former,Sport,450,0.7059,68,runda-former,Finnsvedsberget,finnsvedsberget
252783,Pudelns kärna,Sport,300,0.7,10,pudelns-karna,Skevik,skevik
42252,Agaton Sax,Sport,850,0.7,10,agaton-sax,Flaten,flaten
157777,Sjukskriven,Sport,550,0.6949,59,sjukskriven,Örnberget,ornberget
19788,Mats 29 upptäcker sin kropp,Sport,600,0.6941,85,mats-29-upptacker-sin-kropp,Flaten,flaten
157903,Kobran,Sport,550,0.6923,13,kobran,Örnberget,ornberget
41148,Coop,Sport,650,0.6897,30,coop,Skevik,skevik
82061,Nattugglan,Sport,400,0.6897,29,nattugglan,Ekoberget,ekoberget
42324,Mowgli,Sport,700,0.6875,16,mowgli-42324,Saharaväggen,saharavaggen
18780,Pungsuell,Sport,700,0.6857,35,pungsuell,Sjötorpsberget,sjotorpsberget
19807,Brown Sugar,Sport,550,0.6694,124,brown-sugar-19807,Nacka Kvarn,nacka-kvarn
18788,Hundra år av ensamhet,Sport,650,0.6667,48,hundra-ar-av-ensamhet,Nacka Kvarn,nacka-kvarn
171938,Sad Kitty,Sport,1000,0.6667,6,ny-led-171938,Flaten,flaten
200922,Fallskärmsjägare,Sport,450,0.6667,3,fallskarmsjagare,Örnberget,ornberget
66885,McCloud,Sport,1100,0.6667,3,mccloud,Flaten,flaten
46009,Natt utan slut,Sport,900,0.6667,3,natt-utan-slut,Träskberget,traskberget-stockholm
49961,Nisse Blixt,Sport,650,0.6667,9,nisse-blixt,Örnberget,ornberget
42246,Kyss mich,Sport,950,0.6667,3,kyss-mich,Noret,noret
49937,Just nu,Sport,900,0.6667,6,just-nu,Örnberget,ornberget
49925,Grodan boll,Sport,650,0.6667,27,grodan-boll-49925,Örnberget,ornberget
57064,Pirelli,Sport,900,0.6667,3,pirelli,Flaten,flaten
284507,Bultlinje,Sport,650,0.6667,6,ny-led,Träskberget,traskberget-stockholm
41810,Hard rock cafe,Sport,700,0.6531,49,hard-rock-cafe,Skevik,skevik
41137,Terroristen,Sport,700,0.6508,64,terroristen-41137,Örnberget,ornberget
23632,Ett småkryps liv,Sport,800,0.6452,31,ett-smakryps-liv,Noret,noret
157460,Power rangers,Sport,650,0.6429,14,power-rangers-157460,Örnberget,ornberget
131099,Go to Hell,Sport,750,0.6429,14,go-to-hell-131099,Flaten,flaten
42256,Liten och grym,Sport,850,0.6364,11,liten-och-grym,Flaten,flaten
51540,Coach,Sport,380,0.6364,11,coach,Nacka Kvarn,nacka-kvarn
247331,Stockholmsalpinism,Sport,275,0.6364,11,247331,Träskberget,traskberget-stockholm
19792,Tudor,Sport,650,0.6316,38,tudor,Gåseborg,gaseborg
44234,Café Opera ,Sport,650,0.625,8,cafe-opera,Skevik,skevik
62573,Gasen i botten,Sport,750,0.6226,53,gasen-i-botten,Örnberget,ornberget
151987,Dubbeldäckare,Sport,550,0.6222,45,151987,Örnberget,ornberget
49957,No more gorillas,Sport,600,0.6207,29,no-more-gorillas,Örnberget,ornberget
40440,Den breve Hugo,Sport,600,0.6176,102,den-breve-hugo,Örnberget,ornberget
30115,Blitz,Sport,500,0.6171,176,blitz,Gåseborg,gaseborg
19812,Ska vi joppa,Sport,600,0.6154,13,ska-vi-joppa,Finnsvedsberget,finnsvedsberget
29522,Baretta,Sport,1000,0.6129,31,baretta,Flaten,flaten
19927,Flyglottan,Sport,650,0.6087,23,flyglottan,Gåseborg,gaseborg
300264,Folkfest Direktinsteg,Sport,380,0.6071,28,folkfest-direktinsteg,Henriksdal,henriksdalsklippan
21386,Fotografen har en stor apparat,Sport,450,0.604,101,fotografen-har-en-stor-apparat,Ekoberget,ekoberget
252343,Gubbhöfter II: The glorious adventure continues,Sport,500,0.6,10,gubbhofter-ii-the-glorious-adventure-continues,Träskberget,traskberget-stockholm
169178,Drax,Sport,900,0.6,5,drax,Dyviksudd,dyviksudde
63263,Krakatau,Sport,800,0.6,5,krakatau,Törnskogsklippan,tornskogsklippan
91902,Leopard,Sport,850,0.6,5,leopard,Gåseborg,gaseborg
45977,Knytkalas,Sport,800,0.6,10,knytkalas,Saharaväggen,saharavaggen
63266,Foxy Lady,Sport,550,0.6,25,foxy-lady-63266,Törnskogsklippan,tornskogsklippan
40608,Ft Molly nu fetare,Sport,550,0.6,5,ft-molly-nu-fetare,Älvnäs,alvnas
49962,Gambit,Sport,600,0.6,5,gambit,Örnberget,ornberget
41426,Längsta leden,Sport,500,0.6,30,langsta-leden,Münchenbryggeriet,munchenbryggeriet
19724,Ve och fasa,Sport,650,0.6,5,ve-och-fasa,Anneberg,anneberg
11008,Columbo,Sport,1000,0.6,25,columbo,Flaten,flaten
65141,Bröstutställning,Sport,550,0.5968,62,brostutstallning,Sjötorpsberget,sjotorpsberget
92399,Ahlgrens pygmeer,Sport,380,0.5882,17,ahlgrens-pygmeer,Dödskalleberget,dodskalleberget
57108,Två krux,Sport,600,0.5882,34,tva-krux-57108,Flaten,flaten
56749,Candyland,Sport,400,0.5820000000000001,189,candyland,Örnberget,ornberget
124738,Blå Lotus,Sport,550,0.5778,45,projekt-124738,Finnsvedsberget,finnsvedsberget
300271,Mördargrävlingen,Sport,600,0.5714,28,mordargravlingen-300271,Henriksdal,henriksdalsklippan
179584,Burn motherfucker direkt,Sport,950,0.5714,7,burn-motherfucker-direkt,Örnberget,ornberget
41093,Kaksi,Sport,800,0.5714,14,kaksi,Noret,noret
28698,Bates motel,Sport,700,0.5714,36,bates-motel,Skevik,skevik
28693,Ryska fakulteten,Sport,800,0.5652,23,ryska-fakulteten,Skevik,skevik
41487,Publikfriaren,Sport,400,0.5625,32,publikfriaren,Kanalklippan,kanalklippan
19798,Magnesia Carbonara,Sport,600,0.56,50,magnesia-carbona,Skevik,skevik
49949,Blötkaken,Sport,550,0.5556,36,blotkaken,Örnberget,ornberget
43195,Isaxel ,Sport,800,0.5556,9,isaxel,Gåseborg,gaseborg
82062,Morgonhönan,Sport,400,0.5556,9,morgonhonan,Ekoberget,ekoberget
56750,Verklighet,Sport,600,0.5493,143,verklighet,Örnberget,ornberget
62574,Plattan i mattan,Sport,650,0.5484,31,plattan-i-mattan,Örnberget,ornberget
21175,Voodoo,Sport,800,0.5455,33,vodoo,Skevik,skevik
12169,Hunter,Sport,1050,0.5455,11,hunter,Flaten,flaten
41813,Imperiet,Sport,700,0.5424,60,imperiet-41813,Örnberget,ornberget
19806,Ekoturism,Sport,600,0.5397,64,ekoturism,Ekoberget,ekoberget
19805,Babba Bitch,Sport,600,0.5385,13,babba-bitch,Münchenbryggeriet,munchenbryggeriet
19702,Land of broken dreams,Sport,650,0.5385,26,land-of-broken-dreams,Beatelund,beatelund
40056,Sjöjungfrun,Sport,400,0.5333,30,sjojungfrun,Finnsvedsberget,finnsvedsberget
57085,Hej och hå,Sport,380,0.5333,75,hej-och-ha,Flaten,flaten
157654,Gränslös färdsel,Sport,275,0.5313,32,projekt-157654,Örnberget,ornberget
41486,Kanalen (till hyllan),Sport,400,0.5294,17,kanalen,Kanalklippan,kanalklippan
49932,Don't be late,Sport,750,0.5294,17,don-t-be-late,Örnberget,ornberget
29405,Blind,Sport,900,0.5238,21,blind,Nacka Kvarn,nacka-kvarn
42326,Aerosion,Sport,650,0.5238,21,aerosion,Gåseborg,gaseborg
151548,En våt överraskning,Sport,400,0.5217,69,stangt-projekt-151548,Flaten,flaten
19690,Partaj,Sport,700,0.5217,23,partaj,Nacka Kvarn,nacka-kvarn
42329,På gång,Sport,650,0.5192,52,pa-gang,Flaten,flaten
75947,Med buken i vädret,Sport,450,0.5175,114,med-buken-i-vadret,Örnberget,ornberget
29406,Lutande tornet,Sport,700,0.5161,32,lutande-tornet,Nacka Kvarn,nacka-kvarn
63195,Rose Garden,Sport,275,0.5,42,rose-garden,Sjötorpsberget,sjotorpsberget
57105,Massa vax,Sport,650,0.5,6,massa-vax,Flaten,flaten
57111,Helldriver,Sport,950,0.5,2,helldriver,Flaten,flaten
223614,Breaking the back,Sport,1050,0.5,2,breaking-the-back,Örnberget,ornberget
19785,Ola,Sport,600,0.5,10,ola,Kyrkviksklippan,kyrkviksklippan
118316,Cabragg,Sport,450,0.5,2,cabragg,Beatelund,beatelund
57106,Okändis,Sport,500,0.5,60,okandis,Flaten,flaten
19708,California camping,Sport,700,0.5,6,california-camping,Älvnäs,alvnas
57075,Bond,Sport,1050,0.5,8,bond,Flaten,flaten
24026,Knutby,Sport,900,0.5,4,knutby,Anneberg,anneberg
200905,Touching the void,Sport,600,0.5,6,touching-the-void-200905,Örnberget,ornberget
126953,Titanic,Sport,700,0.5,4,titanic-126953,Münchenbryggeriet,munchenbryggeriet
51387,Knep och knåp,Sport,800,0.5,4,knep-och-knap,Brakmaren,brakmaren
19926,Buffy direkt,Sport,750,0.5,4,buffy-direkt,Nacka Kvarn,nacka-kvarn
296090,Pickespricke,Sport,650,0.5,2,pickespricke,Sjötorpsberget,sjotorpsberget
44247,Rovdjuret,Sport,950,0.5,10,rovdjuret,Skevik,skevik
249936,Kryssa direkt,Sport,850,0.5,4,kryssa-direkt,Sjötorpsberget,sjotorpsberget
123516,Åskbollen,Sport,650,0.5,2,askbollen-123516,Älvnäs,alvnas
61133,Dagsländan,Sport,600,0.5,2,dagslandan,Solberget,solberget
29410,Annika,Sport,650,0.5,2,annika,Nacka Kvarn,nacka-kvarn
44240,För forna klätterfantaster,Sport,380,0.5,130,for-forna-klatterfantaster,Ekoberget,ekoberget
29408,Nacka kvarn,Sport,600,0.5,49,nacka-kvarn,Nacka Kvarn,nacka-kvarn
259983,Chutima,Sport,600,0.5,2,chutima,Brakmaren,brakmaren
57089,På kanten,Sport,700,0.5,2,pa-kanten-57089,Flaten,flaten
62575,I grevens tid,Sport,750,0.5,2,i-grevens-tid,Örnberget,ornberget
41914,Rosé Complé,Sport,650,0.5,2,rose-comple,Dyviksudd,dyviksudde
169292,Ödets makt,Sport,650,0.5,4,odets-makt-169292,Noret,noret
45819,Indianerna kommer,Sport,700,0.5,2,indianerna-kommer,Dödskalleberget,dodskalleberget
126959,Boss variant,Sport,850,0.5,2,boss-variant,Henriksdal,henriksdalsklippan
57061,Purimax,Sport,750,0.5,6,purimax,Flaten,flaten
300248,Folkfest,Sport,300,0.5,22,folkfest-300248,Henriksdal,henriksdalsklippan
41989,Impuls,Sport,750,0.5,14,impuls,Örnberget,ornberget
153525,Stora blåa moln,Sport,450,0.5,2,stora-blaa-moln,Flaten,flaten
226444,Adventisten,Sport,600,0.5,2,stangt-projekt-226444,Dyviksudd,dyviksudde
226443,Skola - arbete - död,Sport,650,0.5,2,skola-arbete-dod,Dyviksudd,dyviksudde
300425,Van Gils,Sport,750,0.5,2,van-gils-300425,Henriksdal,henriksdalsklippan
135467,Ni gjorde det möjligt,Sport,600,0.5,8,ni-gjorde-det-mojligt,Flaten,flaten
45954,Blocko,Sport,650,0.5,4,blocko,Noret,noret
169181,Green Hornet,Sport,900,0.5,2,hornet-169181,Dyviksudd,dyviksudde
45830,Höstrusk,Sport,550,0.5,2,hostrusk,Dödskalleberget,dodskalleberget
245792,"Rutten tall, seg Grahn",Sport,750,0.5,2,rutten-tall-seg-grahn,Törnskogsklippan,tornskogsklippan
44246,Ökad Sumo,Sport,1000,0.5,10,okad-sumo,Flaten,flaten
134657,Nyp Mig!,Sport,700,0.5,2,nyp-mig,Törnskogsklippan,tornskogsklippan
57073,Små rosa moln,Sport,1150,0.5,4,sma-rosa-moln,Flaten,flaten
96873,Scaramanga,Sport,1000,0.5,2,scaramanga-96873,Träskberget,traskberget-stockholm
45986,Murder in reverse,Sport,300,0.5,10,murder-in-reverse,Träskberget,traskberget-stockholm
21220,Underarmsufo,Sport,600,0.4954,110,underarmsufo,Örnberget,ornberget
49960,Fluxus,Sport,500,0.4894,47,fluxus,Örnberget,ornberget
19704,Mr Grotesh,Sport,700,0.4839,31,mr-grotesh,Sjötorpsberget,sjotorpsberget
33481,Messerschmitt,Sport,750,0.48,25,messerschmitt,Gåseborg,gaseborg
21176,Nattsudd,Sport,800,0.4762,44,nattsudd,Skevik,skevik
251432,City of rocks,Sport,450,0.4762,21,city-of-rocks,Sjötorpsberget,sjotorpsberget
42440,Lederhosen,Sport,100,0.475,40,lederhosen,Häggsta,haggsta
45983,Ett noll ett,Sport,600,0.4737,19,ett-noll-ett,Saharaväggen,saharavaggen
57069,Klick,Sport,850,0.4706,17,klick,Flaten,flaten
91498,Crack till folket,Sport,400,0.4706,34,91498,Noret,noret
43210,My Fair Lady ,Sport,750,0.4706,17,my-fair-lady,Nacka Kvarn,nacka-kvarn
157657,Sanslös yrsel,Sport,300,0.4694,49,projekt-157657,Örnberget,ornberget
300294,Armani,Sport,650,0.4667,15,armani-300294,Henriksdal,henriksdalsklippan
156512,Irrbloss,Sport,380,0.4638,69,irrbloss,Örnberget,ornberget
37194,Grands gorillas,Sport,500,0.4615,143,grands-gorillas,Örnberget,ornberget
19714,Auktion direkt,Sport,700,0.4595,37,auktion-direkt,Nacka Kvarn,nacka-kvarn
65466,Svart magi,Sport,450,0.4571,35,svart-magi-65466,Noret,noret
156513,Karate Kid,Sport,650,0.4545,33,karate-kid-156513,Örnberget,ornberget
42260,Ingen överhängande fara,Sport,750,0.4528,53,ingen-overhangande-fara,Örnberget,ornberget
124739,Resan till Ulliga bergen,Sport,450,0.4444,9,projekt-124739,Finnsvedsberget,finnsvedsberget
67953,Ett Äckel,Sport,550,0.4444,18,ett-ackel,Sjötorpsberget,sjotorpsberget
137515,Ny led,Sport,500,0.4444,9,ny-led-137515,Ekoberget,ekoberget
42328,Turen och,Sport,650,0.4419,43,turen-och,Flaten,flaten
41905,Lätta,Sport,650,0.44,25,latta,Örnberget,ornberget
49929,Tre pinnar,Sport,500,0.4384,73,tre-pinnar,Örnberget,ornberget
300278,Björn Borg,Sport,600,0.4375,16,bjorn-borg-300278,Henriksdal,henriksdalsklippan
70887,Fröken flak,Sport,500,0.434,53,froken-flak,Sjötorpsberget,sjotorpsberget
37191,Diktator,Sport,500,0.4337,83,diktator-37191,Gåseborg,gaseborg
41161,Balumbo,Sport,1000,0.4286,7,balumbo,Flaten,flaten
19834,Håll käften båtnisse,Sport,550,0.4286,14,hall-kaften-batnisse,Kanalklippan,kanalklippan
57071,Mannen från U.N.C.L.E,Sport,1050,0.4286,7,mannen-fran-u-n-c-e,Flaten,flaten
266919,Stone Me Off,Sport,380,0.4286,7,stone-me-off,Törnskogsklippan,tornskogsklippan
44242,Help me out,Sport,1050,0.4286,7,help-me-out,Örnberget,ornberget
200923,Eskapism,Sport,300,0.4286,7,eskapism-200923,Örnberget,ornberget
42251,Hog Farm,Sport,750,0.4286,14,hog-farm,Gåseborg,gaseborg
29416,En skruv lös,Sport,700,0.4286,7,ny-led-1,Nacka Kvarn,nacka-kvarn
65759,Dåligt 9-månadersresultat,Sport,400,0.425,40,daligt-9-manadersresultat,Sjötorpsberget,sjotorpsberget
39254,Kurtan,Sport,550,0.4211,19,kurtan,Flaten,flaten
45920,Isbiten,Sport,380,0.4189,75,isbiten,Noret,noret
42024,Land som stiger,Sport,600,0.4167,13,land-som-stiger,Skevik,skevik
26869,Klart ball,Sport,900,0.4167,12,klart-kol,Anneberg,anneberg
70080,Breaking the law,Sport,1100,0.4167,12,breaking-the-law,Örnberget,ornberget
131163,Istället för bouldering,Sport,600,0.4091,22,istallet-for-bouldering,Törnskogsklippan,tornskogsklippan
40612,Faiblesse,Sport,550,0.4054,37,fabilesse,Skevik,skevik
90626,Gammelgäddan,Sport,450,0.4038,52,gammelgaddan-90626,Dödskalleberget,dodskalleberget
57095,Trädet,Sport,500,0.4028,72,tradet,Flaten,flaten
157968,User deactivated,Sport,200,0.4,5,projekt-157968,Örnberget,ornberget
119935,"Herr Dewalt, skogen och jag",Sport,550,0.4,10,herr-dewalt-skogen-och-jag,Törnskogsklippan,tornskogsklippan
45984,Bättre än boule,Sport,550,0.4,10,battre-an-boule,Saharaväggen,saharavaggen
57092,Våra är dessutom snyggare,Sport,500,0.4,40,vara-ar-dessutom-snyggare,Flaten,flaten
39252,Ännu en tur,Sport,600,0.4,25,annu-en-tur,Flaten,flaten
71312,Highway,Sport,950,0.4,5,highway,Örnberget,ornberget
96686,En liten Hitler,Sport,800,0.4,10,en-liten-hitler,Gåseborg,gaseborg
39253,Konvoj,Sport,550,0.4,21,konvoj,Gåseborg,gaseborg
57125,Tunna sprickan,Sport,550,0.4,15,tunna-sprickan,Ekstubbeberget,ekstubbeberget
29440,Plonk.nu,Sport,900,0.4,5,plonk-nu,Beatelund,beatelund
205783,Cecys led,Sport,380,0.3958,48,stangt-projekt-205783,Flaten,flaten
206755,Granarna faller som furor,Sport,300,0.3913,23,granarna-faller-som-furor,Flaten,flaten
96486,Mr Kidd,Sport,900,0.3846,13,mr-kidd-96486,Träskberget,traskberget-stockholm
40820,Pick pocket,Sport,500,0.3846,26,pick-pocket,Kanalklippan,kanalklippan
70761,Ge fan i mig,Sport,750,0.3846,13,ge-fan-i-mig-70761,Träskberget,traskberget-stockholm
19707,Obelix,Sport,700,0.381,21,obelix-19707,Nacka Kvarn,nacka-kvarn
41569,Apa i bur,Sport,300,0.375,88,apa-i-bur,Kanalklippan,kanalklippan
19740,Daniellas Babygym,Sport,600,0.375,9,daniellas-babygym,Älvnäs,alvnas
44248,Painkiller,Sport,950,0.375,8,painkiller-44248,Örnberget,ornberget
41409,Enväggskommunikation,Sport,200,0.375,16,envaggskommunikation,Häggsta,haggsta
57090,Kortis,Sport,550,0.375,8,kortis,Flaten,flaten
41410,Steinway,Sport,200,0.375,40,steinway,Häggsta,haggsta
41364,Spider-pig,Sport,300,0.3684,38,spider-pig-41364,Häggsta,haggsta
123495,Salta katten,Sport,450,0.3636,11,salta-katten-123495,Münchenbryggeriet,munchenbryggeriet
42304,Propaganda,Sport,700,0.3636,23,propaganda-42304,Gåseborg,gaseborg
25697,Crimp It,Sport,900,0.3636,11,crimp-it-25697,Anneberg,anneberg
300436,Tsar,Sport,700,0.3636,11,tsar-300436,Henriksdal,henriksdalsklippan
52027,Mr Twister,Sport,550,0.36,25,mr-twister-52027,Sjötorpsberget,sjotorpsberget
40913,Fusk,Sport,500,0.3571,29,fusk,Noret,noret
40774,Styrman stake,Sport,500,0.3571,14,styrman-stake,Kanalklippan,kanalklippan
49890,Nedkomsten,Sport,380,0.3523,88,nedkomsten,Ekoberget,ekoberget
156510,Inget kalas utan kras,Sport,300,0.3467,75,projekt-156510,Örnberget,ornberget
91499,Oväntad linje,Sport,550,0.3462,26,ny-led-langst-till-hoger,Noret,noret
19719,Håll i dig,Sport,650,0.3448,29,hall-i-dig,Beatelund,beatelund
128303,Hög avkastning,Sport,450,0.3448,29,hog-avkastning,Ekstubbeberget,ekstubbeberget
300283,ACO,Sport,500,0.3448,29,aco-300283,Henriksdal,henriksdalsklippan
26878,1:an,Sport,400,0.3429,35,1-an,Anneberg,anneberg
96683,Törnrosa,Sport,380,0.3393,112,tornrosa-96683,Gåseborg,gaseborg
90624,Ahlgrens bilar,Sport,500,0.33899999999999997,59,ahlgrens-bilar-90624,Dödskalleberget,dodskalleberget
42436,Kort och gott,Sport,500,0.3333,3,kort-och-gott-42436,Ekstubbeberget,ekstubbeberget
107253,Långt ned i halsen,Sport,550,0.3333,3,langt-ned-i-halsen,Ekstubbeberget,ekstubbeberget
80836,Stämborgarmärket,Sport,380,0.3333,75,stamborgarmarket,Ekoberget,ekoberget
27381,Nöff Nöff,Sport,650,0.3333,3,noff-noff,Kyrkviksklippan,kyrkviksklippan
63257,Gäckande linjen,Sport,750,0.3333,3,gackande-linjen,Törnskogsklippan,tornskogsklippan
45924,Tissel tassel,Sport,500,0.3333,45,tissel-tassel,Noret,noret
94091,Yggdrasil,Sport,600,0.3333,9,okand-led,Ekoberget,ekoberget
73422,De vises sten,Sport,400,0.3333,3,de-vises-sten,Häggsta,haggsta
51386,499,Sport,850,0.3333,3,499,Brakmaren,brakmaren
57110,T-röd,Sport,850,0.3333,3,t-rod,Flaten,flaten
244801,Titta vi flyger - Premiär,Sport,750,0.3333,6,titta-vi-flyger-premiar,Flaten,flaten
184809,Pokemon Go,Sport,550,0.3333,18,pokemon-go,Örnberget,ornberget
41974,Nya tomater,Sport,750,0.3333,3,nya-tomater,Älvnäs,alvnas
300279,Peak performance,Sport,600,0.3333,12,peak-performance-300279,Henriksdal,henriksdalsklippan
51542,Direktus,Sport,900,0.3333,3,direktus,Nacka Kvarn,nacka-kvarn
97333,Ljusstrålen,Sport,800,0.3333,3,ljusstralen,Gåseborg,gaseborg
45916,Morsan,Sport,700,0.3333,3,morsan,Noret,noret
104180,Solstorm,Sport,400,0.3281,64,104180,Finnsvedsberget,finnsvedsberget
65729,Sponsrad av kapitalet,Sport,600,0.3226,31,sponsrad-av-kapitalet,Törnskogsklippan,tornskogsklippan
46214,Mittsund express,Sport,380,0.32,25,mittsund-express,Kanalklippan,kanalklippan
57059,"Mats 29, direkt",Sport,700,0.3125,16,mats-29-direkt,Flaten,flaten
74295,Dieder,Sport,300,0.3125,48,dieder-74295,Sjötorpsberget,sjotorpsberget
96545,Prinsen,Sport,550,0.3103,29,prinsen-96545,Gåseborg,gaseborg
215354,Loves himmelsfärd,Sport,300,0.3056,36,215354,Örnberget,ornberget
42438,Armar uppåt sträck,Sport,300,0.3,50,armar-uppat-strack,Ekstubbeberget,ekstubbeberget
21657,Miraculix,Sport,450,0.3,40,miraculix-21657,Nacka Kvarn,nacka-kvarn
45901,Medlut,Sport,400,0.2982,58,medlut,Noret,noret
40047,Ada,Sport,450,0.2857,35,ada,Finnsvedsberget,finnsvedsberget
65605,Iors födelsedag,Sport,650,0.2857,21,iors-fodelsedag,Örnberget,ornberget
57094,Ljuset,Sport,700,0.2857,21,ljuset,Flaten,flaten
40535,Likstel,Sport,550,0.2857,15,likstel,Gåseborg,gaseborg
43179,Hemliga vägar,Sport,900,0.2857,7,hemliga-vagar,Träskberget,traskberget-stockholm
41837,Bimbo,Sport,600,0.2857,15,bimbo-41837,Gåseborg,gaseborg
42437,Sprickan,Sport,400,0.2821,39,sprickan-42437,Ekstubbeberget,ekstubbeberget
144527,Bonnie,Sport,200,0.28,25,bonnie-144527,Häggsta,haggsta
272131,Rising star,Sport,500,0.2778,18,rising-star,Saharaväggen,saharavaggen
19761,Gör mig till kung,Sport,380,0.2727,11,gor-mig-till-kung,Finnsvedsberget,finnsvedsberget
19713,Dick for a day,Sport,650,0.2692,26,dick-for-a-day,Münchenbryggeriet,munchenbryggeriet
40964,Linnea,Sport,450,0.2667,15,linnea,Münchenbryggeriet,munchenbryggeriet
65728,Gäckande linjen,Sport,750,0.2667,15,gackande-linjen-65728,Törnskogsklippan,tornskogsklippan
26879,2:an,Sport,550,0.2667,15,2-an,Anneberg,anneberg
44236,Längtan till landet,Sport,500,0.2593,27,langtan-till-landet,Skevik,skevik
67330,Glöm din dröm,Sport,500,0.2549,51,glom-din-drom,Sjötorpsberget,sjotorpsberget
32284,Oturen,Sport,650,0.25,28,oturen,Flaten,flaten
39259,Skicka,Sport,450,0.25,8,skicka,Älvnäs,alvnas
28697,Megautsteg,Sport,850,0.25,4,megautsteg,Skevik,skevik
133633,Vit drake,Sport,200,0.25,24,vit-drake,Flaten,flaten
41158,Coretta,Sport,1000,0.25,4,coretta,Flaten,flaten
57104,Massa vax direct,Sport,800,0.25,4,massa-vax-direct,Flaten,flaten
184832,TNT,Sport,550,0.25,24,tnt-184832,Örnberget,ornberget
42431,Vesslan,Sport,500,0.25,8,vesslan,Ekstubbeberget,ekstubbeberget
57074,Cannon,Sport,1050,0.25,4,cannon,Flaten,flaten
128075,För läskunniga,Sport,500,0.25,20,for-laskunniga,Ekstubbeberget,ekstubbeberget
57107,Läsvärt,Sport,550,0.25,12,lasvart,Flaten,flaten
18775,Bamse,Sport,800,0.25,12,bamse,Älvnäs,alvnas
157655,Tornado Alley,Sport,300,0.2418,91,projekt-157655,Örnberget,ornberget
215355,Loves återuppstånd,Sport,300,0.2414,29,215355,Örnberget,ornberget
41059,Stockholm sightseeing,Sport,400,0.2381,42,stockholm-sightseeing,Kanalklippan,kanalklippan
206756,Falukorvsfantasten,Sport,300,0.23399999999999999,47,falukorvsfantasten,Flaten,flaten
156511,Kråkan Krax,Sport,300,0.23399999999999999,47,156511,Örnberget,ornberget
28569,Uppkomsten,Sport,450,0.2321,56,uppkomsten,Ekoberget,ekoberget
29413,Jag ber om ursäkt och tar tillbaka min FA,Sport,100,0.2308,13,jag-ber-om-ursakt-och-tar-tillbaka-min-fa,Nacka Kvarn,nacka-kvarn
18782,750 år,Sport,700,0.2308,13,750-ar,Münchenbryggeriet,munchenbryggeriet
29427,Asterix,Sport,900,0.2308,13,asterix-29427,Nacka Kvarn,nacka-kvarn
42435,Skicka mer godis,Sport,380,0.2277,101,skicka-mer-godis,Gåseborg,gaseborg
40404,Pangea,Sport,600,0.2222,18,pangea-40404,Ekoberget,ekoberget
37188,Mylingen,Sport,500,0.2222,81,mylingen,Skevik,skevik
18787,Inget för frökenfingrar,Sport,650,0.2222,9,inget-for-frokenfingrar,Ekstubbeberget,ekstubbeberget
29417,Flap,Sport,600,0.2222,9,flap,Nacka Kvarn,nacka-kvarn
41505,Helt galen,Sport,380,0.2222,63,helt-galen,Kanalklippan,kanalklippan
40063,Nytursmonstret,Sport,400,0.2188,32,nytursmonstret,Münchenbryggeriet,munchenbryggeriet
41111,Draken,Sport,400,0.2143,57,draken,Gåseborg,gaseborg
41063,Topaz,Sport,400,0.2059,34,topaz,Münchenbryggeriet,munchenbryggeriet
42301,Altermaan,Sport,750,0.2,5,altermaan,Noret,noret
40370,Krucifix,Sport,650,0.2,10,ny,Nacka Kvarn,nacka-kvarn
123488,Luftbro,Sport,450,0.2,5,luftbro,Gåseborg,gaseborg
42441,Rännan,Sport,100,0.2,15,rannan-42441,Häggsta,haggsta
45922,Svåra diedret,Sport,900,0.2,5,svara-diedret,Noret,noret
41497,Dumma leden,Sport,400,0.2,25,dumma-leden,Münchenbryggeriet,munchenbryggeriet
42282,Onyx,Sport,750,0.2,10,onyx,Flaten,flaten
96685,Tonys project,Sport,600,0.2,5,tonys-project,Gåseborg,gaseborg
300458,Samba,Sport,300,0.2,30,samba-300458,Henriksdal,henriksdalsklippan
41064,Lävik,Sport,400,0.1905,42,lavik,Münchenbryggeriet,munchenbryggeriet
57096,Rost i balken,Sport,450,0.1897,58,rost-i-balken,Flaten,flaten
63200,Dumpster Diving,Sport,550,0.1875,16,dumpster-diving,Sjötorpsberget,sjotorpsberget
152316,Stelkramp,Sport,275,0.1852,27,ny-led-152316,Flaten,flaten
49955,Radikalen,Sport,600,0.1818,11,radikalen,Örnberget,ornberget
40826,Utan remmar,Sport,500,0.1818,11,utan-remmar,Münchenbryggeriet,munchenbryggeriet
182446,El Chanchito,Sport,275,0.1818,22,el-chanchito-182446,Skevik,skevik
68951,Vickevire,Sport,500,0.1778,45,vickevire,Gåseborg,gaseborg
41512,Havsfrun,Sport,380,0.1765,34,havsfrun,Münchenbryggeriet,munchenbryggeriet
96684,Askungen,Sport,380,0.1746,63,askungen-96684,Gåseborg,gaseborg
41513,Borgila,Sport,380,0.1739,46,borgila,Münchenbryggeriet,munchenbryggeriet
39258,Black Widow,Sport,450,0.1739,23,black-widow-39258,Älvnäs,alvnas
151549,Familjeliv,Sport,400,0.1731,52,stangt-projekt-151549,Flaten,flaten
57063,Stonelove,Sport,1000,0.1667,6,stonelove-57063,Flaten,flaten
26877,Fetmans fiender,Sport,500,0.1667,18,fetmans-fiender,Anneberg,anneberg
19809,Bitch,Sport,600,0.1667,6,bitch,Kanalklippan,kanalklippan
123500,Tutti frutti,Sport,400,0.1667,12,tutti-frutti-123500,Münchenbryggeriet,munchenbryggeriet
100662,Sting,Sport,650,0.1667,6,sting-100662,Älvnäs,alvnas
72869,Dynamo,Sport,550,0.1667,6,dynamo-72869,Gåseborg,gaseborg
97679,Längsta leden direkt,Sport,500,0.1667,6,langsta-leden-direkt,Münchenbryggeriet,munchenbryggeriet
41363,Lara med handklovarna,Sport,380,0.1609,87,lara-med-handklovarna,Ekoberget,ekoberget
41065,Thor,Sport,400,0.1538,26,thor-41065,Münchenbryggeriet,munchenbryggeriet
40824,Bubbel,Sport,500,0.15,20,bubbel,Münchenbryggeriet,munchenbryggeriet
157656,Hutlös trängsel,Sport,500,0.1481,54,projekt-157656,Örnberget,ornberget
42336,Tier,Sport,650,0.1429,7,tier,Noret,noret
42427,Malaco,Sport,700,0.1429,7,malaco,Ekstubbeberget,ekstubbeberget
49954,En tyst minut,Sport,550,0.1429,7,en-tyst-minut,Örnberget,ornberget
49904,Hon var ond ond ond....,Sport,650,0.1429,7,hon-var-ond-ond-ond,Ekoberget,ekoberget
75590,Immanuel,Sport,400,0.1429,7,immanuel,Solberget,solberget
70187,Akilles,Sport,400,0.1364,22,akilles-70187,Gåseborg,gaseborg
26880,3:an,Sport,450,0.1351,37,3-an,Anneberg,anneberg
41491,Gelatinerad sperma,Sport,400,0.1316,38,gelatinerad-sperma,Dödskalleberget,dodskalleberget
45925,"Tissel tassel, variant höger",Sport,700,0.125,8,tissel-tassel-variant-hoger,Noret,noret
41066,Detonator,Sport,400,0.125,16,detonator,Gåseborg,gaseborg
70728,Köp och ...,Sport,750,0.125,16,k-p-och-s-lj,Anneberg,anneberg
59962,Mater Nexus,Sport,400,0.1212,33,mater-nexus,Münchenbryggeriet,munchenbryggeriet
100896,Spigollo rosso,Sport,300,0.1111,36,spigollo-rosso,Skevik,skevik
108332,Den svarta svanen,Sport,450,0.1111,27,den-svarta-svanen,Törnskogsklippan,tornskogsklippan
250957,ABKK,Sport,450,0.1111,9,abkk,Sjötorpsberget,sjotorpsberget
156515,Irrbloss (pitch 2),Sport,100,0.1111,9,irrbloss-pitch-2,Örnberget,ornberget
40064,Konstiga turen,Sport,400,0.1071,28,konstiga-turen,Münchenbryggeriet,munchenbryggeriet
97678,Impromania,Sport,450,0.1053,19,impromania,Münchenbryggeriet,munchenbryggeriet
40773,Vi slänger dynamit på motorbåtarna,Sport,500,0.1053,19,vi-slanger-dynamit-pa-motorbatarna,Kanalklippan,kanalklippan
133634,Minimalisten,Sport,100,0.1053,19,minimalisten,Flaten,flaten
49919,Solo,Sport,400,0.1,10,solo,Finnsvedsberget,finnsvedsberget
41496,Baba bitch (to the ledge),Sport,380,0.1,20,baba-bitch,Münchenbryggeriet,munchenbryggeriet
49948,Antons bultstege,Sport,500,0.1,30,antons-bultstege,Örnberget,ornberget
41514,Viking,Sport,380,0.0976,41,viking,Münchenbryggeriet,munchenbryggeriet
104181,Havstörst,Sport,380,0.0952,42,104181,Finnsvedsberget,finnsvedsberget
39251,Motorola,Sport,600,0.0952,21,motorola,Flaten,flaten
133632,Röd drake,Sport,100,0.0909,22,rod-drake-133632,Flaten,flaten
19787,Genvägen,Sport,600,0.0909,11,genvagen,Flaten,flaten
119937,Bergsguidens ultimata utmaning,Sport,380,0.0909,11,bergsguidens-ultimata-utmaning,Törnskogsklippan,tornskogsklippan
40065,Meja Madeleine,Sport,400,0.0909,22,meja-madeleine,Münchenbryggeriet,munchenbryggeriet
27383,Den vita ankan,Sport,400,0.0909,11,den-vita-ankan,Kyrkviksklippan,kyrkviksklippan
63260,Skywalker,Sport,400,0.0893,56,skywalker-63260,Törnskogsklippan,tornskogsklippan
19763,Ta mig till havet,Sport,380,0.0833,12,ta-mig-till-havet,Finnsvedsberget,finnsvedsberget
123482,Kalle Anka,Sport,400,0.0714,14,kalle-anka-123482,Münchenbryggeriet,munchenbryggeriet
158373,Sista färden,Sport,380,0.0714,42,sista-farden-158373,Örnberget,ornberget
124740,Blixt och dunder,Sport,300,0.069,29,projekt-124740,Finnsvedsberget,finnsvedsberget
63261,Röda trappan,Sport,300,0.0682,44,roda-trappan,Törnskogsklippan,tornskogsklippan
152317,Nåt på tok,Sport,450,0.0638,47,ny-led-152317,Flaten,flaten
65730,Törn me on,Sport,380,0.0571,35,torn-me-on-65730,Törnskogsklippan,tornskogsklippan
62758,Innan Montserrat,Sport,275,0.05,60,innan-montserrat,Gåseborg,gaseborg
101437,Kill your Cocopops,Sport,200,0.0455,22,kill-your-cocopops,Törnskogsklippan,tornskogsklippan
39256,Hål i dig,Sport,500,0.0455,66,hal-i-dig,Skevik,skevik
101435,Mossiga gubben,Sport,200,0.0455,22,mossiga-gubben,Törnskogsklippan,tornskogsklippan
41062,Fanny,Sport,400,0.0303,33,fanny,Münchenbryggeriet,munchenbryggeriet
40823,Slime,Sport,500,0.0303,33,slime,Münchenbryggeriet,munchenbryggeriet
41061,Argus,Sport,400,0.025,40,argus,Münchenbryggeriet,munchenbryggeriet
389210,Valhalla,Sport,350,0.0,0,valhalla-389210,Träskberget,traskberget-stockholm
378245,Knapens hål,Sport,250,0.0,0,knapens-hal,Nyckelviksberget,nyckelviksberget-19100
378244,Bard core,Sport,200,0.0,0,bard-core,Nyckelviksberget,nyckelviksberget-19100
366056,Brantski,Sport,850,0.0,0,brantski,Träskberget,traskberget-stockholm
366790,Droppski,Sport,900,0.0,0,droppski,Träskberget,traskberget-stockholm
389206,Stenhårde Kalle vänster,Sport,950,0.0,0,stenharde-kalle-vanster,Träskberget,traskberget-stockholm
344207,Bromsspåret,Sport,600,0.0,0,bromssparet-344207,Tyresö flaten,tyreso-flaten
378246,Sjötullen,Sport,250,0.0,0,sjotullen,Nyckelviksberget,nyckelviksberget-19100
389223,Lille man,Sport,950,0.0,0,lille-man-389223,Träskberget,traskberget-stockholm
389224,Blötski,Sport,900,0.0,0,blotski,Träskberget,traskberget-stockholm
389225,Supra,Sport,1000,0.0,0,supra-389225,Träskberget,traskberget-stockholm
389227,Karamelli,Sport,950,0.0,0,karamelli,Träskberget,traskberget-stockholm
389228,Swampthing,Sport,950,0.0,0,swampthing-389228,Träskberget,traskberget-stockholm
389237,Pappa jag vill gå på cirkus,Sport,1000,0.0,0,pappa-jag-vill-ga-pa-cirkus,Träskberget,traskberget-stockholm
309363,Stjälp,Sport,700,0.0,0,stjalp,Skevik,skevik
316578,Oldfinger höger,Sport,1000,0.0,1,oldfinger-hoger,Träskberget,traskberget-stockholm
389239,Mickes led direktinsteg,Sport,950,0.0,0,mickes-led-direktinsteg,Träskberget,traskberget-stockholm
378247,Olles Sva,Sport,250,0.0,0,olles-sva,Nyckelviksberget,nyckelviksberget-19100
290583,Tuff match,Sport,800,0.0,0,tuff-match,Träskberget,traskberget-stockholm
45928,Stor dum pung,Sport,450,0.0,1,stor-dum-pung,Noret,noret
289805,Scaramanga direkt,Sport,1050,0.0,1,scaramanga-direkt,Träskberget,traskberget-stockholm
45930,Kylskåpet,Sport,400,0.0,4,kylskapet-45930,Noret,noret
62757,Zyklon,Sport,600,0.0,17,zyklon,Gåseborg,gaseborg
267154,Da Mornin' Cornah,Sport,400,0.0,6,nytur,Träskberget,traskberget-stockholm
51544,Det här ska bli roligt,Sport,600,0.0,0,det-har-ska-bli-roligt,Nacka Kvarn,nacka-kvarn
251016,Arytmi,Sport,1000,0.0,0,arytmi-251016,Träskberget,traskberget-stockholm
378251,Billy Opel,Sport,300,0.0,0,billy-opel-378251,Nyckelviksberget,nyckelviksberget-19100
51543,Pungdjävul,Sport,850,0.0,0,pungdjavul,Nacka Kvarn,nacka-kvarn
237680,Maskulin,Sport,1050,0.0,1,maskulin,Träskberget,traskberget-stockholm
237679,Adrenalin,Sport,1050,0.0,1,adrenalin-237679,Träskberget,traskberget-stockholm
389238,Bloefield,Sport,1000,0.0,0,bloefield,Träskberget,traskberget-stockholm
389247,Sista natten med Sodom,Sport,750,0.0,0,sista-natten-med-sodom-389247,Träskberget,traskberget-stockholm
348609,Plåster på såren,Sport,800,0.0,0,plaster-pa-saren-348609,Häggsta,haggsta
41034,No name,Sport,400,0.0,1,no-name-41034,Gåseborg,gaseborg
378238,Röda gubben,Sport,350,0.0,0,roda-gubben,Nyckelviksberget,nyckelviksberget-19100
378237,Kon-Tiki,Sport,300,0.0,0,kon-tiki-378237,Nyckelviksberget,nyckelviksberget-19100
45915,Tsatsiki,Sport,550,0.0,2,tsatsiki,Noret,noret
378236,Wasserrillen,Sport,250,0.0,0,wasserrillen,Nyckelviksberget,nyckelviksberget-19100
74751,Borrbultad lätt led,Sport,100,0.0,5,borrbultad-latt-led,Häggsta,haggsta
45914,Du hast mich,Sport,950,0.0,1,du-hast-mich,Noret,noret
45913,Buck Dich,Sport,950,0.0,1,buck-dich,Noret,noret
389248,Dynamo,Sport,1000,0.0,0,dynamo-389248,Träskberget,traskberget-stockholm
246558,Tele töisen tuntun,Sport,600,0.0,1,tele-toisen-tuntun,Häggsta,haggsta
246559,Skalla en fralla,Sport,800,0.0,0,skalla-en-fralla,Häggsta,haggsta
246560,Luhrad,Sport,650,0.0,0,luhrad,Häggsta,haggsta
246561,Den fule,Sport,600,0.0,0,den-fule-246561,Häggsta,haggsta
246562,Vad pojkar vill ha,Sport,650,0.0,0,vad-pojkar-vill-ha-246562,Häggsta,haggsta
308482,Gå på moln,Sport,950,0.0,0,ga-pa-moln,Häggsta,haggsta
65307,Rockoko,Sport,450,0.0,1,rockoko,Häggsta,haggsta
378240,Nöten,Sport,500,0.0,0,noten,Nyckelviksberget,nyckelviksberget-19100
377317,Burn motherfucker burn - Siddharta/Papillion,Sport,1000,0.0,0,burn-motherfucker-burn-siddharta-papillion,Örnberget,ornberget
378241,Busters Sva,Sport,300,0.0,0,busters-sva,Nyckelviksberget,nyckelviksberget-19100
378242,Förlängning av Nöten och Busters Sva,Sport,100,0.0,0,forlangning-av-noten-och-busters-sva,Nyckelviksberget,nyckelviksberget-19100
51545,Dynga på,Sport,900,0.0,0,dynga-pa,Nacka Kvarn,nacka-kvarn
41812,Nagot riktigt alpint,Sport,700,0.0,2,nagot-riktigt-alpint,Häggsta,haggsta
41804,He-man,Sport,700,0.0,2,he-man-41804,Häggsta,haggsta
41803,Bongo-Kongo,Sport,700,0.0,1,bongo-kongo,Häggsta,haggsta
309365,Spagettiwesterns fader,Sport,600,0.0,0,spagettiwesterns-fader,Skevik,skevik
309364,Guru,Sport,800,0.0,0,guru-309364,Skevik,skevik
41380,Vitterheten,Sport,300,0.0,8,vitterheten,Häggsta,haggsta
378243,Galären,Sport,100,0.0,0,galaren,Nyckelviksberget,nyckelviksberget-19100
39599,Tio små fingrar,Sport,950,0.0,1,tio-sma-negerfingrar,Häggsta,haggsta
389394,H.M.S. Ulysses höger,Sport,1000,0.0,0,no-name-two,Träskberget,traskberget-stockholm
389393,H.M.S. Ulysses vänster,Sport,950,0.0,0,no-name-389393,Träskberget,traskberget-stockholm
389253,Helvites döfull,Sport,700,0.0,0,helvites-dofull-389253,Träskberget,traskberget-stockholm
237670,Odd Jobb Förlängning,Sport,1050,0.0,1,odd-jobb-forlangning,Träskberget,traskberget-stockholm
236927,Station Zebra,Sport,900,0.0,0,station-zebra,Träskberget,traskberget-stockholm
235977,Odöpt höger,Sport,1000,0.0,0,okand-4,Träskberget,traskberget-stockholm
43172,? bredvid Adrenalin,Sport,950,0.0,1,bredvid-adrenalin,Träskberget,traskberget-stockholm
72870,Hess mot folkgrupp,Sport,450,0.0,13,hess-mot-folkgrupp,Gåseborg,gaseborg
358609,Svarta Robin,Sport,600,0.0,0,svarta-robin,Törnskogsklippan,tornskogsklippan
45951,Free for all,Sport,800,0.0,1,free-for-all-45951,Noret,noret
45950,Just what the doctor ordered,Sport,950,0.0,0,just-what-the-doctor-ordered,Noret,noret
41820,Bestialia,Sport,700,0.0,1,bestialia,Noret,noret
45948,Hey Baby,Sport,950,0.0,0,hey-baby,Noret,noret
316769,Project,Sport,100,0.0,0,project-316769,Nacka Kvarn,nacka-kvarn
235976,Odöpt näst längst höger,Sport,800,0.0,0,okand-3,Träskberget,traskberget-stockholm
256141,Linkup. 100 år av Brown sugar,Sport,600,0.0,1,100-ar-av-brown-sugar,Nacka Kvarn,nacka-kvarn
45947,Trassel,Sport,800,0.0,0,trassel,Noret,noret
375825,Sålt smöret och bränt pengarna,Sport,900,0.0,0,salt-smoret-och-tappat-pengarna-375825,Örnberget,ornberget
46002,Odd job,Sport,1000,0.0,0,odd-job-46002,Träskberget,traskberget-stockholm
46007,Gun city,Sport,900,0.0,0,gun-city,Träskberget,traskberget-stockholm
45946,Pax,Sport,850,0.0,0,pax-45946,Noret,noret
41600,Tuula,Sport,300,0.0,5,tuula,Noret,noret
134660,Bestigningen,Sport,400,0.0,1,bestigningen,Törnskogsklippan,tornskogsklippan
312331,Toshiba,Sport,800,0.0,0,toshiba,Skevik,skevik
133635,Grön drake,Sport,200,0.0,21,gron-drake,Flaten,flaten
19808,Arete,Sport,600,0.0,2,arete-19808,Gåseborg,gaseborg
57109,T-gul,Sport,650,0.0,1,t-gul,Flaten,flaten
134656,Rakbladsblocket,Sport,380,0.0,3,rakbladsblocket,Törnskogsklippan,tornskogsklippan
309362,Help yourself,Sport,750,0.0,0,help-yourself,Skevik,skevik
312333,Hale hopp,Sport,1000,0.0,0,hale-hopp-312333,Skevik,skevik
352366,Dubbeldäckare (första ankaret),Sport,400,0.0,0,dubbeldackare-forsta-ankaret,Örnberget,ornberget
119933,Duscha är mesigt,Sport,300,0.0,11,duscha-ar-mesigt,Törnskogsklippan,tornskogsklippan
119932,Narnia,Sport,150,0.0,4,narnia-119932,Törnskogsklippan,tornskogsklippan
222858,Firren,Sport,450,0.0,11,mickes-nya,Saharaväggen,saharavaggen
108331,Svart eko,Sport,150,0.0,14,svart-eko,Törnskogsklippan,tornskogsklippan
312346,Bitsk,Sport,950,0.0,0,bitsk,Skevik,skevik
278634,I tid är leden,Sport,500,0.0,4,i-tid-ar-leden,Saharaväggen,saharavaggen
101436,Darwin Award,Sport,150,0.0,17,darwin-award,Törnskogsklippan,tornskogsklippan
42259,Mörkret,Sport,800,0.0,3,morkret,Noret,noret
46010,Nionde Kompaniet,Sport,950,0.0,0,nionde-kompaniet,Träskberget,traskberget-stockholm
378263,Brukshunden,Sport,350,0.0,0,brukshunden,Nyckelviksberget,nyckelviksberget-19100
45934,Nya vågen,Sport,800,0.0,0,nya-vagen-45934,Noret,noret
378253,Coronasafe,Sport,250,0.0,0,coronasafe,Nyckelviksberget,nyckelviksberget-19100
235975,Odöpt näst längst vänster,Sport,1000,0.0,0,okand-2-235975,Träskberget,traskberget-stockholm
235974,Odöpt vänster,Sport,700,0.0,0,okand-1-235974,Träskberget,traskberget-stockholm
216827,?,Sport,1000,0.0,1,216827,Träskberget,traskberget-stockholm
100638,?,Sport,750,0.0,1,100638,Träskberget,traskberget-stockholm
378254,Social distans,Sport,300,0.0,0,social-distans-378254,Nyckelviksberget,nyckelviksberget-19100
98045,Sno från dom rika,Sport,700,0.0,0,sno-fran-dom-rika,Träskberget,traskberget-stockholm
45931,Mörkret,Sport,800,0.0,0,morkret-45931,Noret,noret
97322,?,Sport,850,0.0,1,97322,Träskberget,traskberget-stockholm
45932,Snelut,Sport,380,0.0,1,snelut,Noret,noret
97314,?,Sport,950,0.0,1,97314,Träskberget,traskberget-stockholm
378256,Social distans direkt,Sport,600,0.0,0,social-distans-direkt,Nyckelviksberget,nyckelviksberget-19100
376208,Utökad Heffaklump,Sport,800,0.0,0,utokad-heffaklump,Örnberget,ornberget
45933,Fax,Sport,600,0.0,0,fax,Noret,noret
45935,Kärleken väntar,Sport,900,0.0,0,karleken-vantar,Noret,noret
46011,Dödens tåg,Sport,900,0.0,1,dodens-tag,Träskberget,traskberget-stockholm
45936,Långnäsa,Sport,950,0.0,0,langnasa-45936,Noret,noret
378257,Fjäderholmarna,Sport,100,0.0,0,fjaderholmarna,Nyckelviksberget,nyckelviksberget-19100
45937,Lösa dromedarer,Sport,850,0.0,0,losa-dromedarer,Noret,noret
45944,Never give your wife a gun,Sport,1000,0.0,0,never-give-your-wife-a-gun,Noret,noret
46018,Örnnästet,Sport,900,0.0,0,ornnastet,Träskberget,traskberget-stockholm
46017,Det Gyllene Mötet,Sport,1000,0.0,1,det-gyllene-motet,Träskberget,traskberget-stockholm
46016,Cirkus,Sport,900,0.0,0,cirkus,Träskberget,traskberget-stockholm
46015,Åtta glas,Sport,900,0.0,0,atta-glas,Träskberget,traskberget-stockholm
46014,Fruktan är mitt vapen,Sport,900,0.0,2,fruktan-ar-mitt-vapen,Träskberget,traskberget-stockholm
45945,Psykfallet,Sport,800,0.0,0,psykfallet,Noret,noret
46012,Festen vid grottorna,Sport,950,0.0,0,festen-vid-grottorna,Träskberget,traskberget-stockholm
378258,Blåssippan,Sport,100,0.0,0,blassippan,Nyckelviksberget,nyckelviksberget-19100
378260,Förlängda Armen,Sport,500,0.0,0,forlangda-armen,Nyckelviksberget,nyckelviksberget-19100
378261,Hundkex,Sport,450,0.0,0,hundkex,Nyckelviksberget,nyckelviksberget-19100
348607,Ingen vind,Sport,600,0.0,0,ingen-vind,Häggsta,haggsta
348611,I form,Sport,950,0.0,0,i-form,Häggsta,haggsta
348610,I form direkt,Sport,950,0.0,0,i-form-direkt,Häggsta,haggsta
391014,Groundhog Day,Sport,350,0.0,0,groundhog-day,Uddeuddberget,uddeuddberget
259988,No name,Sport,950,0.0,0,no-name-259988,Brakmaren,brakmaren
57116,Mörkret,Sport,750,0.0,0,morkret-57116,Flaten,flaten
259982,Fly,Sport,900,0.0,0,fly-259982,Brakmaren,brakmaren
259981,Upp och ner,Sport,1000,0.0,0,upp-och-ner-259981,Brakmaren,brakmaren
311106,Fi,Sport,300,0.0,0,fi-311106,Nyckelviksberget,nyckelviksberget-19100
259971,Bakom trädet,Sport,850,0.0,0,bakom-tradet-259971,Brakmaren,brakmaren
259931,Mer eller mindre,Sport,700,0.0,0,mer-eller-mindre,Brakmaren,brakmaren
51391,Ägget är löst,Sport,700,0.0,0,agget-ar-lost,Brakmaren,brakmaren
42357,Mondeo,Sport,600,0.0,1,mondeo-42357,Noret,noret
51388,Linjär Succé,Sport,700,0.0,0,linjar-succe,Brakmaren,brakmaren
57117,Kalla kårar,Sport,650,0.0,0,kalla-karar-57117,Flaten,flaten
309375,Jump,Sport,800,0.0,0,jump-309375,Skevik,skevik
51385,500,Sport,900,0.0,3,500-51385,Brakmaren,brakmaren
384103,Tummeliten,Sport,500,0.0,0,tummeliten,Gritstoneberget,grittstone-berget
388568,Bicepsfest,Sport,950,0.0,0,bicepsfest,Uddeuddberget,uddeuddberget
259991,Knep och knåp direkt,Sport,850,0.0,0,knep-och-knap-direkt,Brakmaren,brakmaren
388553,Sista dansen,Sport,650,0.0,0,sista-dansen-388553,Uddeuddberget,uddeuddberget
311107,Badkvigor,Sport,400,0.0,0,badkvigor-311107,Nyckelviksberget,nyckelviksberget-19100
388488,Spring för livet,Sport,750,0.0,0,spring-for-livet-388488,Uddeuddberget,uddeuddberget
388440,Johans insteg - Jazzman,Sport,750,0.0,0,johans-insteg-social-distancing,Uddeuddberget,uddeuddberget
311108,Att angöra en brygga,Sport,380,0.0,0,att-angora-en-brygga-311108,Nyckelviksberget,nyckelviksberget-19100
388439,I killed Christ with my big fucking Dick - Dropping acid in the combat zone,Sport,700,0.0,0,i-killed-christ-with-my-big-fucking-dick-jazzman,Uddeuddberget,uddeuddberget
311109,Slängd överbord,Sport,550,0.0,0,slangd-overbord,Nyckelviksberget,nyckelviksberget-19100
311110,Ra,Sport,380,0.0,0,ra-311110,Nyckelviksberget,nyckelviksberget-19100
388421,Project,Sport,100,0.0,0,project-388421,Uddeuddberget,uddeuddberget
388420,Project,Sport,100,0.0,0,project-388420,Uddeuddberget,uddeuddberget
388391,Dark side of the moon,Sport,950,0.0,0,dark-side-of-the-moon-388391,Uddeuddberget,uddeuddberget
388381,Häl-vete,Sport,950,0.0,0,hal-vete,Uddeuddberget,uddeuddberget
388379,Tänt ljus,Sport,850,0.0,0,tant-ljus,Uddeuddberget,uddeuddberget
388358,Så in i skogen,Sport,900,0.0,0,sa-in-i-skogen,Uddeuddberget,uddeuddberget
259990,Berits kiosk,Sport,900,0.0,0,berits-kiosk-259990,Brakmaren,brakmaren
385463,The Butthole Surfers,Sport,700,0.0,0,the-butthole-surfers,Tyresö flaten,tyreso-flaten
388791,Old man and the sea,Sport,1100,0.0,0,old-man-and-the-sea-388791,Fredriksvik,nyckelviksberget
306434,Njuta,Sport,950,0.0,0,njuta,Fredriksvik,nyckelviksberget
388790,Taniwha,Sport,1050,0.0,0,hydra-direct,Fredriksvik,nyckelviksberget
385878,Denab,Sport,400,0.0,0,denab,Fredriksvik,nyckelviksberget
385877,Mira,Sport,350,0.0,0,mira-385877,Fredriksvik,nyckelviksberget
385876,Rigel,Sport,350,0.0,0,rigel-385876,Fredriksvik,nyckelviksberget
385875,Castor,Sport,800,0.0,0,castor-385875,Fredriksvik,nyckelviksberget
385874,Pollux,Sport,400,0.0,0,pollux-385874,Fredriksvik,nyckelviksberget
385873,Capella,Sport,400,0.0,0,capella,Fredriksvik,nyckelviksberget
344208,Stalledrängen,Sport,600,0.0,0,stalledrangen-344208,Tyresö flaten,tyreso-flaten
385872,Belatrix,Sport,600,0.0,0,belatrix,Fredriksvik,nyckelviksberget
385871,Vega,Sport,700,0.0,0,vega-385871,Fredriksvik,nyckelviksberget
385870,Altair,Sport,300,0.0,0,altair-385870,Fredriksvik,nyckelviksberget
344209,Sprutlackerad,Sport,400,0.0,0,sprutlackerad-344209,Tyresö flaten,tyreso-flaten
385869,Jag klättrar inte,Sport,600,0.0,0,jag-klattrar-inte,Fredriksvik,nyckelviksberget
306435,Escape,Sport,600,0.0,0,escape-306435,Fredriksvik,nyckelviksberget
306433,En för alla,Sport,750,0.0,0,en-for-alla-306433,Fredriksvik,nyckelviksberget
352881,Knep och knåp (to second anchor),Sport,900,0.0,0,kneo-och-knap,Brakmaren,brakmaren
344211,Bakomfumlaren,Sport,450,0.0,0,bakomfumlaren-344211,Tyresö flaten,tyreso-flaten
306432,Hydra,Sport,1000,0.0,0,hydra-306432,Fredriksvik,nyckelviksberget
344237,Mimmi och någon,Sport,650,0.0,0,mimmi-och-nagon,Tyresö flaten,tyreso-flaten
386297,Schuckert stuff förvrider verklighetens fluff,Sport,650,0.0,0,schuckert-stuff-forvrider-verklighetens-fluff,Solberget,solberget
386296,Trotsa din chef idag,Sport,650,0.0,0,trotsa-din-chef-idag,Solberget,solberget
344238,Karin 52:43,Sport,750,0.0,0,karin-52-43-344238,Tyresö flaten,tyreso-flaten
75577,Utrolig skallebank,Sport,800,0.0,0,utroliga-skallebank,Solberget,solberget
61160,Högerkanten,Sport,380,0.0,8,hogerkanten-61160,Solberget,solberget
57115,Hells bells,Sport,750,0.0,4,hells-bells,Flaten,flaten
371923,Linjär succé deluxe,Sport,800,0.0,0,linjar-succe-deluxe,Brakmaren,brakmaren
344244,Edens lustgård,Sport,750,0.0,0,edens-lustgard-344244,Tyresö flaten,tyreso-flaten
371822,No Frames,Sport,900,0.0,0,no-frames,Brakmaren,brakmaren
362688,Fly direkt,Sport,950,0.0,0,fly-direkt,Brakmaren,brakmaren
344245,Fina fisken,Sport,800,0.0,0,fina-fisken-344245,Tyresö flaten,tyreso-flaten
374854,Morning walk,Sport,400,0.0,0,morning-walk,Uddeuddberget,uddeuddberget
374851,Finemang,Sport,950,0.0,0,finemang-374851,Uddeuddberget,uddeuddberget
372948,Kreativ anarki,Sport,750,0.0,0,kreativ-anarki,Uddeuddberget,uddeuddberget
348698,Luft,Sport,950,0.0,0,luft-348698,Häggsta,haggsta
349867,Än kan gubben,Sport,850,0.0,0,an-kan-gubben,Häggsta,haggsta
349789,Pierrvers,Sport,450,0.0,0,pierrvers,Häggsta,haggsta
349774,Fåfängans marknad,Sport,500,0.0,0,fafangans-marknad,Häggsta,haggsta
349773,Direktvariant till Bongo-Kongo,Sport,700,0.0,0,direktvariant-till-bongo-kongo,Häggsta,haggsta
349568,Tycka list e trist,Sport,800,0.0,0,tycka-list-e-trist,Häggsta,haggsta
349546,Dalarambo,Sport,850,0.0,0,dalarambo,Häggsta,haggsta
349545,Nosferatu åt vänster,Sport,800,0.0,0,nosferatu-at-vanster,Häggsta,haggsta
378222,Lotsen,Sport,200,0.0,0,lotsen-378222,Nyckelviksberget,nyckelviksberget-19100
349459,Gå på moln variant,Sport,800,0.0,0,unreported-349459,Häggsta,haggsta
349343,En apelsin med urverk,Sport,450,0.0,0,en-apelsin-med-urverk,Häggsta,haggsta
349328,Den gode,Sport,650,0.0,0,den-gode-349328,Häggsta,haggsta
348701,Dynamic duo,Sport,900,0.0,0,dynamic-duo-348701,Häggsta,haggsta
348700,I spindelns nät,Sport,950,0.0,0,i-spindelns-nat,Häggsta,haggsta
378224,Jipp,Sport,500,0.0,0,jipp,Nyckelviksberget,nyckelviksberget-19100
348697,Lido,Sport,800,0.0,0,lido,Häggsta,haggsta
372755,Finemang direkt,Sport,950,0.0,0,finemang-direkt,Uddeuddberget,uddeuddberget
378226,Kuling,Sport,350,0.0,0,kuling-378226,Nyckelviksberget,nyckelviksberget-19100
348696,Jugs,Sport,600,0.0,0,jugs-348696,Häggsta,haggsta
348694,Sjötakstraversen,Sport,500,0.0,0,sjotakstraversen,Häggsta,haggsta
348693,Vardagsångest,Sport,900,0.0,0,vardagsangest,Häggsta,haggsta
348617,Stabilator,Sport,800,0.0,0,stabilator,Häggsta,haggsta
378228,Snedseglaren,Sport,250,0.0,0,snedseglaren-378228,Nyckelviksberget,nyckelviksberget-19100
378232,Fyren,Sport,500,0.0,0,fyren-378232,Nyckelviksberget,nyckelviksberget-19100
378233,Värtan,Sport,350,0.0,0,vartan-378233,Nyckelviksberget,nyckelviksberget-19100
348616,Gladiatorn,Sport,900,0.0,0,gladiatorn-348616,Häggsta,haggsta
348615,800 grader,Sport,1000,0.0,0,800-grader-348615,Häggsta,haggsta
378234,Saltsjön,Sport,350,0.0,0,saltsjon,Nyckelviksberget,nyckelviksberget-19100
348614,Beal,Sport,950,0.0,0,beal-348614,Häggsta,haggsta
348612,Bealizima,Sport,1000,0.0,0,bealizima,Häggsta,haggsta
378235,Vattentrappan,Sport,350,0.0,0,vattentrappan,Nyckelviksberget,nyckelviksberget-19100
349871,Steilhang,Sport,700,0.0,0,steilhang-349871,Häggsta,haggsta
349876,Scheisse ins Gesicht,Sport,600,0.0,0,scheisse-ins-gesicht,Häggsta,haggsta
349899,Dalabrigaden,Sport,800,0.0,0,dalabrigaden,Häggsta,haggsta
349903,Tessils tak,Sport,600,0.0,0,tessils-tak,Häggsta,haggsta
372533,Höjdrädd,Sport,550,0.0,0,hojdradd-372533,Uddeuddberget,uddeuddberget
372176,What we do in the shadows,Sport,700,0.0,0,brant-led,Uddeuddberget,uddeuddberget
372175,Provokatören,Sport,450,0.0,0,provokatoren,Uddeuddberget,uddeuddberget
372127,Bedragen av skenet,Sport,400,0.0,0,bedragen-av-skenet,Uddeuddberget,uddeuddberget
371669,No country for old men,Sport,800,0.0,0,areten-371669,Uddeuddberget,uddeuddberget
370613,Floating on a wave of sound,Sport,850,0.0,0,taket-370613,Uddeuddberget,uddeuddberget
369224,Social distancing,Sport,700,0.0,0,traversled,Uddeuddberget,uddeuddberget
369223,Human behavior,Sport,600,0.0,0,va-om-bredvid-chorea,Uddeuddberget,uddeuddberget
255385,Johans insteg - bolted route above,Sport,750,0.0,0,johans-insteg-255385,Uddeuddberget,uddeuddberget
255384,I killed Christ with my big fucking Dick - Jazzman,Sport,700,0.0,0,i-killed-christ-with-my-big-fucking-dick,Uddeuddberget,uddeuddberget
255383,Dropping acid in the combat zone,Sport,650,0.0,0,dropping-acid-in-the-combat-zone,Uddeuddberget,uddeuddberget
255382,Korsriddaren,Sport,900,0.0,0,korsriddaren-255382,Uddeuddberget,uddeuddberget
255381,Skarpt läge,Sport,800,0.0,0,skarpt-lage,Uddeuddberget,uddeuddberget
255380,Mörkrets makter,Sport,800,0.0,0,morkrets-makter,Uddeuddberget,uddeuddberget
43012,Chalk it up,Sport,600,0.0,1,chalk-it-up,Noret,noret
214356,Dramatik,Sport,900,0.0,0,214356,Uddeuddberget,uddeuddberget
45900,Singalong,Sport,850,0.0,0,singalong,Noret,noret
101434,Salutogen åtgärd,Sport,200,0.0,19,salutogen-atgard,Törnskogsklippan,tornskogsklippan
45908,Arlington road,Sport,800,0.0,0,arlington-road,Noret,noret
214351,Knyck,Sport,1000,0.0,0,214351,Uddeuddberget,uddeuddberget
214347,Frost flakes,Sport,650,0.0,0,frost-flakes,Uddeuddberget,uddeuddberget
214346,Söndagsslav,Sport,700,0.0,0,sondagsslav,Uddeuddberget,uddeuddberget
214345,Night fever,Sport,550,0.0,0,night-fever-214345,Uddeuddberget,uddeuddberget
45909,Alternativ insteg till Arlington,Sport,850,0.0,0,alternativ-insteg-till-arlington,Noret,noret
45910,Klavér,Sport,500,0.0,1,klaver,Noret,noret
311111,Dyning,Sport,300,0.0,0,dyning-311111,Nyckelviksberget,nyckelviksberget-19100
45911,Engel,Sport,700,0.0,1,engel,Noret,noret
45912,Bestraffe Mich,Sport,900,0.0,1,bestraffe-mich,Noret,noret
378221,Statsepidemiologen,Sport,300,0.0,0,statsepidemiologen,Nyckelviksberget,nyckelviksberget-19100
388881,Den breve Hugo förlängning,Sport,600,0.0,0,den-breve-hugo-forlangning,Örnberget,ornberget
39257,Sumpan city,Sport,500,0.0,4,sumpan-city,Älvnäs,alvnas
82115,Timbuktu,Sport,700,0.0,7,timbuktu-82115,Törnskogsklippan,tornskogsklippan
49922,Rock Johan,Sport,800,0.0,2,rock-johan,Finnsvedsberget,finnsvedsberget
57100,The William,Sport,950,0.0,0,the-william,Flaten,flaten
57101,Ryggen,Sport,800,0.0,3,ryggen,Flaten,flaten
49915,Medvind,Sport,800,0.0,0,medvind,Finnsvedsberget,finnsvedsberget
26862,Sälj,Sport,400,0.0,12,salj,Anneberg,anneberg
49914,Lutande sprickan,Sport,800,0.0,0,lutande-sprickan,Finnsvedsberget,finnsvedsberget
152693,Just nu/Panta Rei,Sport,800,0.0,1,just-nu-panta-rei,Örnberget,ornberget
309360,Bolero,Sport,400,0.0,0,bolero-309360,Skevik,skevik
49911,Milou,Sport,900,0.0,2,milou-49911,Finnsvedsberget,finnsvedsberget
26871,Bussen i nyllet,Sport,800,0.0,9,bussen-i-nyllet,Anneberg,anneberg
26872,Sträck på dig,Sport,750,0.0,0,strack-pa-dig,Anneberg,anneberg
26874,Onda ögat,Sport,1000,0.0,2,onda-ogat,Anneberg,anneberg
135620,Maktskiftet,Sport,950,0.0,0,maktskiftet,Örnberget,ornberget
57086,Banankontakt,Sport,850,0.0,0,banankontakt-57086,Flaten,flaten
237668,Breaking The Law - I'll Be Back,Sport,1050,0.0,1,breaking-the-law-i-ll-be-back,Örnberget,ornberget
41938,Benny måne,Sport,900,0.0,2,benny-mane,Anneberg,anneberg
367052,Hans-Ola de Denbara,Sport,380,0.0,0,hans-ola-de-denbara-367052,Ekstubbeberget,ekstubbeberget
366619,Hitta hålet,Sport,650,0.0,0,stangt-projekt-366619,Ekstubbeberget,ekstubbeberget
365527,Hans-Ola de Denbara,Sport,380,0.0,0,hans-ola-de-denbara,Ekstubbeberget,ekstubbeberget
57132,Gnällmåns,Sport,700,0.0,0,gnallmans,Ekstubbeberget,ekstubbeberget
44231,Swing-a-ling,Sport,750,0.0,2,swing-a-ling,Ekstubbeberget,ekstubbeberget
57120,Flaklös,Sport,900,0.0,3,flaklos,Ekstubbeberget,ekstubbeberget
57121,Haribo,Sport,800,0.0,0,haribo,Ekstubbeberget,ekstubbeberget
57122,Bullen,Sport,850,0.0,0,bullen-57122,Ekstubbeberget,ekstubbeberget
49920,Törnrosa,Sport,1000,0.0,0,tornrosa-49920,Finnsvedsberget,finnsvedsberget
57131,Pelles nya kläder,Sport,650,0.0,0,pelles-nya-klader,Ekstubbeberget,ekstubbeberget
57133,Olles skidfärd,Sport,700,0.0,0,olles-skidfard,Ekstubbeberget,ekstubbeberget
353510,Myggdödarjojken,Sport,380,0.0,0,myggdodarjojken,Ekstubbeberget,ekstubbeberget
49918,Musslan,Sport,650,0.0,1,musslan,Finnsvedsberget,finnsvedsberget
49917,Badkrukan,Sport,800,0.0,0,badkrukan,Finnsvedsberget,finnsvedsberget
338746,Högersväng,Sport,750,0.0,0,hogersvang-338746,Ekstubbeberget,ekstubbeberget
338747,Patriks gamla,Sport,850,0.0,0,patriks-gamla-338747,Ekstubbeberget,ekstubbeberget
338748,Maggan,Sport,850,0.0,0,maggan-338748,Ekstubbeberget,ekstubbeberget
352472,Se på Far'n,Sport,750,0.0,0,se-pa-far-n,Ekstubbeberget,ekstubbeberget
257592,När är du hemma,Sport,850,0.0,0,nar-ar-du-hemma,Örnberget,ornberget
29437,Gubben i berget,Sport,450,0.0,3,gubben-i-berget,Beatelund,beatelund
135619,Route #44,Sport,900,0.0,0,route-44-135619,Örnberget,ornberget
107618,Utan tvekan direkt,Sport,950,0.0,1,utan-tvekan-direkt,Örnberget,ornberget
27385,Kamp,Sport,950,0.0,0,kamp,Kyrkviksklippan,kyrkviksklippan
27386,Raf,Sport,850,0.0,0,raf,Kyrkviksklippan,kyrkviksklippan
27387,Stolen,Sport,600,0.0,0,stolen,Kyrkviksklippan,kyrkviksklippan
27388,Ur en annan synvinkel,Sport,850,0.0,0,ur-en-annan-synvinkel,Kyrkviksklippan,kyrkviksklippan
27389,Ur dödlig synvinkel,Sport,700,0.0,0,ur-dodlig-synvinkel,Kyrkviksklippan,kyrkviksklippan
27390,Matiné,Sport,500,0.0,0,matine,Kyrkviksklippan,kyrkviksklippan
351219,Rival,Sport,850,0.0,0,rival-351219,Kyrkviksklippan,kyrkviksklippan
27382,Matt Adams catch-tur,Sport,950,0.0,0,matt-adams-catch-tur,Kyrkviksklippan,kyrkviksklippan
351220,Luna papa,Sport,850,0.0,0,luna-papa,Kyrkviksklippan,kyrkviksklippan
309361,Melphi,Sport,800,0.0,0,melphi,Skevik,skevik
301381,Sator direkt,Sport,1000,0.0,0,sator-direkt,Örnberget,ornberget
100635,Kombination,Sport,750,0.0,1,kombination-100635,Örnberget,ornberget
100160,Breaking into Heaven,Sport,1100,0.0,2,breaking-into-heaven,Örnberget,ornberget
29420,Flop,Sport,900,0.0,0,flop,Nacka Kvarn,nacka-kvarn
107891,The king of fucking everything,Sport,1200,0.0,0,the-king-of-fucking-everything,Örnberget,ornberget
301368,Sabbaton,Sport,950,0.0,0,sabbaton,Örnberget,ornberget
128317,Cirkus Luhr,Sport,950,0.0,0,cirkus-luhr,Örnberget,ornberget
123520,FTW,Sport,700,0.0,1,ftw-123520,Beatelund,beatelund
301366,Boulderinsteg,Sport,850,0.0,0,boulderinsteg,Örnberget,ornberget
29441,Hej,Sport,800,0.0,1,hej-29441,Beatelund,beatelund
29442,Big bag boulder,Sport,750,0.0,4,big-bag-boulder,Beatelund,beatelund
114451,Reburn,Sport,900,0.0,1,reburn,Örnberget,ornberget
29419,Flip,Sport,750,0.0,0,flip,Nacka Kvarn,nacka-kvarn
123494,Kladdragg,Sport,450,0.0,1,kladdragg,Beatelund,beatelund
205323,Borsten Torsten,Sport,600,0.0,1,borsten-torsten,Beatelund,beatelund
27380,Memento,Sport,400,0.0,4,memento,Kyrkviksklippan,kyrkviksklippan
351719,Skallran,Sport,275,0.0,0,skallran,Beatelund,beatelund
351720,Kafferep,Sport,400,0.0,0,kafferep,Beatelund,beatelund
351721,Skölden,Sport,380,0.0,0,skolden-351721,Beatelund,beatelund
355055,I will survive,Sport,750,0.0,0,i-will-survive-355055,Beatelund,beatelund
386472,Spring Break,Sport,950,0.0,0,not-reported-1,Beatelund,beatelund
386473,Open project.,Sport,1100,0.0,0,not-reported-2,Beatelund,beatelund
41960,Kraftmaskin,Sport,800,0.0,3,kraftmaskin,Skevik,skevik
51363,Högra leden,Sport,450,0.0,2,hogra-leden,Finnsvedsberget,finnsvedsberget
75877,Heading out on the Highway,Sport,1100,0.0,0,heading-out-on-the-highway,Örnberget,ornberget
72943,Fimpa nu,Sport,850,0.0,0,fimpa-nu,Finnsvedsberget,finnsvedsberget
160653,Utan tvekan direkt (pitch 1),Sport,850,0.0,0,utan-tvekan-direkt-pitch-1,Örnberget,ornberget
97331,Släng dig i...,Sport,800,0.0,1,slang-dig-i,Skevik,skevik
56735,Tänk,Sport,600,0.0,1,tank,Skevik,skevik
160575,Hoppa in,Sport,400,0.0,16,hoppa-in,Örnberget,ornberget
203754,Plåtnicklas,Sport,650,0.0,0,203754,Örnberget,ornberget
214852,Vänstergreven,Sport,700,0.0,2,vanstergreven,Örnberget,ornberget
56733,Solero,Sport,380,0.0,24,solero,Skevik,skevik
57082,Tweak,Sport,900,0.0,0,tweak,Flaten,flaten
158240,Aquila,Sport,380,0.0,3,projekt-158240,Örnberget,ornberget
152404,Salt Sill direkt,Sport,1050,0.0,1,salt-sill-direkt,Finnsvedsberget,finnsvedsberget
74581,Nyheter från Gud,Sport,700,0.0,1,nyheter-fran-gud,Sjötorpsberget,sjotorpsberget
152402,Attityd,Sport,1050,0.0,1,attityd,Finnsvedsberget,finnsvedsberget
22337,Colunter,Sport,1050,0.0,3,colunter,Flaten,flaten
57080,Antar,Sport,850,0.0,0,antar,Flaten,flaten
152401,Hälsa hem direkt,Sport,950,0.0,0,halsa-hem-direkt,Finnsvedsberget,finnsvedsberget
309349,Gå På Cirkus,Sport,850,0.0,0,ga-pa-cirkus,Finnsvedsberget,finnsvedsberget
171649,Burn Motherfucker,Sport,1000,0.0,0,burn-motherfucker-171649,Örnberget,ornberget
310242,Metaforisk gratislunch,Sport,650,0.0,1,metaforisk-gratislunch,Finnsvedsberget,finnsvedsberget
147593,Vildmannen,Sport,1050,0.0,1,vildmannen,Skevik,skevik
39261,Ultra Bultra,Sport,400,0.0,10,ultra-bultra,Älvnäs,alvnas
39243,Tok arete,Sport,750,0.0,5,tok-arete,Älvnäs,alvnas
199958,Grevens tak,Sport,850,0.0,1,grevens-tak,Örnberget,ornberget
19725,Schyssta vibbar,Sport,650,0.0,8,schyssta-vibbar,Älvnäs,alvnas
42008,Trippad (old version) Not drawn on topo.,Sport,650,0.0,3,trippad,Älvnäs,alvnas
191997,Apis,Sport,700,0.0,2,apis,Örnberget,ornberget
222042,Avdrift,Sport,600,0.0,1,avdrift,Älvnäs,alvnas
179587,Burn Motherfucker direkt (pitch 1),Sport,850,0.0,1,burn-motherfucker-direkt-pitch-1,Örnberget,ornberget
222043,Big trip,Sport,600,0.0,1,big-trip,Älvnäs,alvnas
222045,Speed,Sport,750,0.0,1,speed-222045,Älvnäs,alvnas
224894,Håll ut,Sport,800,0.0,0,hall-ut,Älvnäs,alvnas
283880,Thomas led,Sport,850,0.0,0,thomas-led,Älvnäs,alvnas
314180,Akta dig för spindeln,Sport,900,0.0,0,akta-dig-for-spimdeln,Finnsvedsberget,finnsvedsberget
385137,Coma,Sport,800,0.0,0,project-385137,Älvnäs,alvnas
97571,Opti,Sport,700,0.0,0,opti,Sjötorpsberget,sjotorpsberget
29412,Testpatrullen,Sport,550,0.0,2,testpatrullen,Nacka Kvarn,nacka-kvarn
57076,Helgonet,Sport,1050,0.0,5,helgonet-57076,Flaten,flaten
177369,?,Sport,400,0.0,1,177369,Münchenbryggeriet,munchenbryggeriet
126952,"Hej och hå, crimpa på",Sport,950,0.0,0,hej-och-ha-crimpa-pa,Münchenbryggeriet,munchenbryggeriet
97334,Motvind,Sport,800,0.0,1,motvind-97334,Finnsvedsberget,finnsvedsberget
126954,Hål i skrovet,Sport,1000,0.0,0,hal-i-skrovet,Münchenbryggeriet,munchenbryggeriet
126955,Diedro,Sport,500,0.0,3,diedro-126955,Münchenbryggeriet,munchenbryggeriet
126956,PK,Sport,600,0.0,0,pk-126956,Münchenbryggeriet,munchenbryggeriet
157979,Frukto,Sport,380,0.0,2,frukto,Münchenbryggeriet,munchenbryggeriet
177370,?,Sport,400,0.0,1,177370,Münchenbryggeriet,munchenbryggeriet
97690,Trappan,Sport,450,0.0,2,trappan-97690,Münchenbryggeriet,munchenbryggeriet
177371,?,Sport,400,0.0,1,177371,Münchenbryggeriet,munchenbryggeriet
300715,Koll på stången,Sport,600,0.0,0,koll-pa-stangen,Münchenbryggeriet,munchenbryggeriet
156514,Utbörding,Sport,200,0.0,1,156514,Örnberget,ornberget
42280,Interkulturell,Sport,800,0.0,3,interkulturell,Ekstubbeberget,ekstubbeberget
42281,Sug i,Sport,800,0.0,1,sug-i,Ekstubbeberget,ekstubbeberget
42430,Städpatrullen,Sport,500,0.0,2,stadpatrullen,Ekstubbeberget,ekstubbeberget
123510,Namnlös (nr 34),Sport,600,0.0,1,namnlos-nr-34,Münchenbryggeriet,munchenbryggeriet
97688,Trappan direkt,Sport,500,0.0,1,trappan-direkt,Münchenbryggeriet,munchenbryggeriet
29415,Algerna kommer,Sport,750,0.0,2,algerna-kommer,Nacka Kvarn,nacka-kvarn
41104,Ligg lågt,Sport,750,0.0,6,ligg-lagt,Münchenbryggeriet,munchenbryggeriet
323019,Svettig i fontan,Sport,700,0.0,0,svettig-i-fontan,Sjötorpsberget,sjotorpsberget
336755,Kalaspuffens dröm,Sport,850,0.0,0,kalaspuffens-drom,Sjötorpsberget,sjotorpsberget
289804,Det långa klivet,Sport,1050,0.0,1,det-langa-klivet-289804,Skevik,skevik
57099,Double impact,Sport,900,0.0,0,double-impact,Flaten,flaten
40822,??,Sport,500,0.0,1,40822,Münchenbryggeriet,munchenbryggeriet
309340,Rivstart,Sport,950,0.0,0,rivstart-309340,Skevik,skevik
215004,2 steg från paradise,Sport,1000,0.0,1,2-steg-fran-paradise,Örnberget,ornberget
97686,Glattis,Sport,550,0.0,0,glattis,Münchenbryggeriet,munchenbryggeriet
41920,Stöt,Sport,1000,0.0,1,stot-41920,Münchenbryggeriet,munchenbryggeriet
97680,Mors dag,Sport,900,0.0,0,mors-dag,Münchenbryggeriet,munchenbryggeriet
97681,Batman,Sport,1050,0.0,0,batman-97681,Münchenbryggeriet,munchenbryggeriet
97682,Flyt,Sport,950,0.0,0,flyt-97682,Münchenbryggeriet,munchenbryggeriet
97683,När börjar festen?,Sport,900,0.0,0,nar-borjar-festen,Münchenbryggeriet,munchenbryggeriet
97684,Nameless,Sport,380,0.0,6,nameless-97684,Münchenbryggeriet,munchenbryggeriet
40961,Uppstigningen,Sport,450,0.0,1,uppstigningen-40961,Ekoberget,ekoberget
301386,Breaking out right,Sport,1050,0.0,0,breaking-out-right,Örnberget,ornberget
45952,Bernie,Sport,750,0.0,1,bernie,Noret,noret
159393,Kristallnatten,Sport,650,0.0,0,kristallnatten-159393,Gåseborg,gaseborg
29436,Släpp,Sport,800,0.0,0,slapp,Nacka Kvarn,nacka-kvarn
242892,En galen natt,Sport,950,0.0,0,en-galen-natt,Noret,noret
169291,Alternativt insteg till Arnington road,Sport,850,0.0,0,alternativt-insteg-till-arnington-road,Noret,noret
45829,Den vassa eggen,Sport,800,0.0,0,den-vassa-eggen,Dödskalleberget,dodskalleberget
57102,Move on,Sport,650,0.0,0,move-on,Flaten,flaten
45831,Den stygga björken,Sport,800,0.0,0,den-stygga-bjorken,Dödskalleberget,dodskalleberget
169290,Arnington road,Sport,800,0.0,1,arnington-road,Noret,noret
301486,Nada,Sport,900,0.0,0,nada-301486,Örnberget,ornberget
123517,Glader,Sport,650,0.0,3,glader-123517,Gåseborg,gaseborg
51541,Buffy,Sport,400,0.0,8,buffy,Nacka Kvarn,nacka-kvarn
185892,Den vandrande vålnaden,Sport,950,0.0,0,den-vandrande-valnaden,Dödskalleberget,dodskalleberget
309432,Inget för pygméer (To the anchor under the roof),Sport,550,0.0,0,inget-for-pygmeer-to-the-anchor-under-the-roof,Dödskalleberget,dodskalleberget
311424,Mr Walker,Sport,900,0.0,0,mr-walker-311424,Dödskalleberget,dodskalleberget
318133,Guran indirekt,Sport,800,0.0,1,guran-indirekt,Dödskalleberget,dodskalleberget
51510,Dakkar,Sport,450,0.0,0,dakkar,Henriksdal,henriksdalsklippan
334168,Det var då det,Sport,900,0.0,0,det-var-da-det,Noret,noret
41823,Liten Psykiatrisk undersokning,Sport,700,0.0,1,liten-psykiatrisk-undersokning,Dödskalleberget,dodskalleberget
334169,Leslie West,Sport,1000,0.0,0,leslie-west,Noret,noret
353460,En vanlig dag,Sport,700,0.0,0,en-vanlig-dag,Noret,noret
359001,Boren av behag,Sport,700,0.0,0,boren-av-behag,Dyviksudd,dyviksudde
359008,Smearson et partners,Sport,700,0.0,0,smearson-et-partners,Dyviksudd,dyviksudde
359018,Finn din stil,Sport,800,0.0,0,finn-din-stil,Dyviksudd,dyviksudde
359020,Clawfinger,Sport,900,0.0,0,clawfinger-359020,Dyviksudd,dyviksudde
390766,No more heroes,Sport,450,0.0,0,no-more-heroes-390766,Dyviksudd,dyviksudde
136222,Grådaskig,Sport,450,0.0,1,gradaskig,Gåseborg,gaseborg
348939,Ossian's Line (second anchor),Sport,950,0.0,0,ossian-s-line-to-the-second-anchor,Noret,noret
334910,Unreported project,Sport,100,0.0,0,unreported-project,Noret,noret
347395,Ossian's Line (first anchor),Sport,700,0.0,0,ossian-s-line-forsta-ankaret,Noret,noret
347391,Vemodet,Sport,800,0.0,0,vemodet,Noret,noret
336899,Graveyard,Sport,300,0.0,0,graveyard-336899,Noret,noret
336898,"Mr, X",Sport,1000,0.0,0,mr-x-336898,Noret,noret
336886,Talleken alternative start,Sport,300,0.0,0,talleken-alternative-start,Noret,noret
336582,Fist fighting son of a gun,Sport,1000,0.0,0,fist-fighting-son-of-a-gun,Noret,noret
169209,Mondeo,Sport,600,0.0,1,mondeo-169209,Noret,noret
171980,Route #48,Sport,100,0.0,0,route-48-171980,Flaten,flaten
171939,Scotten i Sarajevo,Sport,1100,0.0,0,ny-led-projekt,Flaten,flaten
63265,Lillbrorsan,Sport,600,0.0,6,lillbrorsan,Törnskogsklippan,tornskogsklippan
45958,Great white buffalo,Sport,950,0.0,1,great-white-buffalo,Noret,noret
45957,Snakeskin cowboys,Sport,1050,0.0,1,snakeskin-cowboys,Noret,noret
45956,Ännu en ny tur i mängden,Sport,600,0.0,0,annu-en-ny-tur-i-mangden,Noret,noret
63259,Törn me on,Sport,400,0.0,1,torn-me-on,Törnskogsklippan,tornskogsklippan
45955,Vivo,Sport,800,0.0,1,vivo,Noret,noret
133951,Hot rails to hell,Sport,950,0.0,0,hot-rails-to-hell,Flaten,flaten
133950,Blåljus,Sport,200,0.0,2,blaljus,Flaten,flaten
45963,Minusgrader,Sport,550,0.0,0,minusgrader,Noret,noret
63267,Nybörjar tur,Sport,380,0.0,12,nyborjar-tur,Törnskogsklippan,tornskogsklippan
133642,Move on,Sport,550,0.0,2,move-on-133642,Flaten,flaten
346883,Blood Sport,Sport,1000,0.0,0,blood-sport-346883,Örnberget,ornberget
93620,Krematorium,Sport,800,0.0,5,krematorium,Gåseborg,gaseborg
65731,Emil i Tureberga,Sport,650,0.0,1,emil-i-tureberga,Törnskogsklippan,tornskogsklippan
45953,Bjud upp till dans,Sport,380,0.0,4,bjud-upp-till-dans,Noret,noret
45962,Vakna upp,Sport,850,0.0,0,vakna-upp,Noret,noret
45964,Kabe,Sport,800,0.0,0,kabe,Noret,noret
57060,Teknikens under,Sport,800,0.0,0,teknikens-under,Flaten,flaten
300417,Boss,Sport,750,0.0,1,boss-300417,Henriksdal,henriksdalsklippan
57103,EKG,Sport,950,0.0,0,ekg,Flaten,flaten
153450,Projekt,Sport,100,0.0,0,projekt-153450,Flaten,flaten
123499,Kloker,Sport,500,0.0,6,kloker-123499,Gåseborg,gaseborg
123497,3:e Riket,Sport,500,0.0,7,3-e-riket,Gåseborg,gaseborg
90266,Psykfallet,Sport,800,0.0,0,psykfallet-90266,Noret,noret
45970,Tinge linge ling,Sport,850,0.0,0,tinge-linge-ling,Noret,noret
300420,Equipage,Sport,700,0.0,0,equipage-300420,Henriksdal,henriksdalsklippan
45965,Mastercard,Sport,1000,0.0,0,mastercard-45965,Noret,noret
45969,Batman,Sport,500,0.0,0,batman-45969,Noret,noret
300422,Aramis,Sport,850,0.0,0,aramis-300422,Henriksdal,henriksdalsklippan
45968,Ernie,Sport,650,0.0,0,ernie,Noret,noret
45967,Hål i form,Sport,800,0.0,0,hal-i-form,Noret,noret
121973,?,Sport,400,0.0,1,121973,Gåseborg,gaseborg
45966,Attack,Sport,900,0.0,0,attack-45966,Noret,noret
340632,Lockdown,Sport,950,0.0,0,lockdown-340632,Dyviksudd,dyviksudde
316919,Closed project,Sport,100,0.0,0,closed-project-316919,Dyviksudd,dyviksudde
301388,Dödlig uppsåt,Sport,1000,0.0,0,dodlig-uppsat,Örnberget,ornberget
29435,Blodigeln,Sport,800,0.0,0,blodigeln,Nacka Kvarn,nacka-kvarn
49963,Myggan,Sport,800,0.0,1,myggan-49963,Örnberget,ornberget
301467,Möjlig omöjlighet utsteg,Sport,850,0.0,0,mojlig-omojlighet-utsteg,Örnberget,ornberget
385965,Flygtur i stuka (Link-up),Sport,650,0.0,0,link-up-ha-en-fin-flygtur-stuka,Gåseborg,gaseborg
373191,Stenscott,Sport,1150,0.0,0,stenscott-373191,Flaten,flaten
369849,Tokiga gamla pappa,Sport,100,0.0,0,tokiga-gamla-pappa,Flaten,flaten
359063,Socialt distanserad,Sport,450,0.0,0,socialt-distanserad,Gåseborg,gaseborg
358938,Bella ciao,Sport,650,0.0,0,bella-ciao-358938,Gåseborg,gaseborg
369848,Coolingen,Sport,150,0.0,0,coolingen,Flaten,flaten
46216,Exhibitionisten,Sport,550,0.0,2,echibitionisten,Kanalklippan,kanalklippan
46217,Kanalterror,Sport,800,0.0,0,kanal-terror-46217,Kanalklippan,kanalklippan
369846,En världsomklättring över blocket,Sport,100,0.0,0,en-varldsomklattring-over-blocket,Flaten,flaten
309376,Rampfeber,Sport,300,0.0,1,rampfeber-309376,Kanalklippan,kanalklippan
309377,Klättring i Stockholm,Sport,380,0.0,0,klattring-i-stockholm,Kanalklippan,kanalklippan
309584,Trygg-Hansa,Sport,380,0.0,1,trygg-hansa,Kanalklippan,kanalklippan
309609,Prime time,Sport,550,0.0,0,prime-time-309609,Kanalklippan,kanalklippan
373754,Last Round Last Minute,Sport,950,0.0,0,stangt-projekt-373754,Flaten,flaten
29430,Hoppla,Sport,700,0.0,0,hoppla-29430,Nacka Kvarn,nacka-kvarn
29428,Idefix,Sport,950,0.0,2,idefix-29428,Nacka Kvarn,nacka-kvarn
29424,S.F.W. (So fucking what),Sport,1000,0.0,1,so-fucking-what-original,Nacka Kvarn,nacka-kvarn
29423,100% dementi,Sport,700,0.0,0,100-dementi,Nacka Kvarn,nacka-kvarn
301393,Variation,Sport,1000,0.0,0,variation-301393,Örnberget,ornberget
49885,Ska ni ha stryk eller,Sport,380,0.0,28,ska-ni-ha-stryk-eller,Ekoberget,ekoberget
65604,Heffaklumpen,Sport,800,0.0,2,heffaklumpen,Örnberget,ornberget
301395,Heading out from the highway,Sport,1050,0.0,0,heading-out-from-the-highway-301395,Örnberget,ornberget
62576,Grevens hörn,Sport,850,0.0,0,grevens-horn,Örnberget,ornberget
29425,So fucking what (left),Sport,950,0.0,3,so-fucking-what,Nacka Kvarn,nacka-kvarn
94092,På tiden,Sport,850,0.0,0,okand-led-2,Ekoberget,ekoberget
29426,+100,Sport,1050,0.0,1,plus100,Nacka Kvarn,nacka-kvarn
49907,Opabinia,Sport,850,0.0,0,opabinia,Ekoberget,ekoberget
49908,Trollskott,Sport,700,0.0,1,trollskott,Ekoberget,ekoberget
301427,Utan tvekan direktinsteg,Sport,850,0.0,0,utan-tvekan-direktinsteg,Örnberget,ornberget
301428,Projekt,Sport,400,0.0,0,projekt-301428,Örnberget,ornberget
57087,Monkey bar,Sport,850,0.0,0,monkey-bar,Flaten,flaten
339277,Kanalen (till toppen),Sport,600,0.0,0,kanalen-till-toppen,Kanalklippan,kanalklippan
339278,Publikfriarn (till toppen),Sport,400,0.0,0,publikfriarn-till-toppen,Kanalklippan,kanalklippan
341692,Rocket pocket,Sport,500,0.0,0,projekt-341692,Kanalklippan,kanalklippan
181455,Talk är tugnt,Sport,600,0.0,2,talk-ar-tugnt,Gåseborg,gaseborg
29431,Slå på turbon,Sport,1000,0.0,0,sla-pa-turbon,Nacka Kvarn,nacka-kvarn
29432,Den röda volvon,Sport,1000,0.0,0,den-roda-volvon,Nacka Kvarn,nacka-kvarn
229269,Prima materia,Sport,700,0.0,0,prima-materia,Dyviksudd,dyviksudde
181459,Helikopten kräks,Sport,850,0.0,0,helikopten-kraks,Gåseborg,gaseborg
256015,Dr Johanssons menisktest,Sport,550,0.0,6,stangt-projekt-256015,Dyviksudd,dyviksudde
256016,Fackgäss,Sport,500,0.0,5,stangt-projekt-256016,Dyviksudd,dyviksudde
47312,Hälsoresan,Sport,600,0.0,12,halsoresan,Örnberget,ornberget
292890,Sunktraversen,Sport,500,0.0,2,sunktraversen,Flaten,flaten
312340,Fugazi,Sport,850,0.0,0,fugazi-312340,Skevik,skevik
177368,?,Sport,400,0.0,1,177368,Gåseborg,gaseborg
236153,Nameless,Sport,1100,0.0,1,nameless-236153,Flaten,flaten
311138,Stängt projekt,Sport,100,0.0,0,stangt-projekt-311138,Dyviksudd,dyviksudde
29433,Stålmormor,Sport,800,0.0,0,stalmormor,Nacka Kvarn,nacka-kvarn
29434,Tina,Sport,700,0.0,0,tina,Nacka Kvarn,nacka-kvarn
49931,I've got the power,Sport,1000,0.0,1,i-ve-got-the-power,Örnberget,ornberget
181464,Kylslaget,Sport,650,0.0,0,kylslaget,Gåseborg,gaseborg
359490,Corona boat party gathering,Sport,450,0.0,0,corona-boat-party-gathering,Kanalklippan,kanalklippan
49941,"Vinna eller försvinna, direktinsteg",Sport,950,0.0,0,vinna-eller-forsvinna-dirket,Örnberget,ornberget
369610,Prinsessans trappa,Sport,100,0.0,0,prinsessans-trappa,Flaten,flaten
322404,Butter,Sport,450,0.0,0,butter-322404,Gåseborg,gaseborg
369609,Tuffa tuffingars klubb,Sport,150,0.0,0,tuffa-tuffingars-klubb,Flaten,flaten
369608,Tro på dig själv,Sport,100,0.0,0,tro-pa-dig-sjalv,Flaten,flaten
43272,Kokoskorven,Sport,550,0.0,3,kokoskorven,Dyviksudd,dyviksudde
49946,Hindenburg,Sport,800,0.0,0,hindenburg,Örnberget,ornberget
49940,Vinna eller försvinna,Sport,900,0.0,0,vinna-eller-forsvinna,Örnberget,ornberget
193937,Marillion,Sport,950,0.0,0,marillion-193937,Dyviksudd,dyviksudde
49939,Tredje gången gillt,Sport,800,0.0,0,tredje-gangen-gillt,Örnberget,ornberget
169176,Route #49,Sport,100,0.0,0,route-49-169176,Dyviksudd,dyviksudde
353056,Ture Sventon,Sport,1100,0.0,0,ture-sventon,Flaten,flaten
314935,Old projekt.,Sport,100,0.0,0,old-projekt,Flaten,flaten
193923,Gravitera mera,Sport,700,0.0,1,gravitera-mera-193923,Dyviksudd,dyviksudde
193926,Zanzibar direkt,Sport,600,0.0,0,zanzibar-direkt-193926,Dyviksudd,dyviksudde
312338,Hale hopp höger,Sport,1050,0.0,0,hale-hopp-hoger,Skevik,skevik
